{
"meta":{"test_sets":[],"test_metrics":[],"learn_metrics":[{"best_value":"Min","name":"RMSE"}],"launch_mode":"Train","parameters":"","iteration_count":1000,"learn_sets":["learn"],"name":"experiment"},
"iterations":[
{"learn":[0.6188853791],"iteration":0,"passed_time":0.002077800612,"remaining_time":2.075722811},
{"learn":[0.5996859434],"iteration":1,"passed_time":0.003977716298,"remaining_time":1.984880433},
{"learn":[0.5808448012],"iteration":2,"passed_time":0.005863649657,"remaining_time":1.948686236},
{"learn":[0.56421623],"iteration":3,"passed_time":0.007733416213,"remaining_time":1.925620637},
{"learn":[0.5481371645],"iteration":4,"passed_time":0.009615924661,"remaining_time":1.913569008},
{"learn":[0.5325040681],"iteration":5,"passed_time":0.01190148086,"remaining_time":1.971678663},
{"learn":[0.5174167309],"iteration":6,"passed_time":0.01387798818,"remaining_time":1.968691753},
{"learn":[0.5032263822],"iteration":7,"passed_time":0.01576268691,"remaining_time":1.954573177},
{"learn":[0.4900501519],"iteration":8,"passed_time":0.01775732242,"remaining_time":1.955278502},
{"learn":[0.4770908341],"iteration":9,"passed_time":0.01983860332,"remaining_time":1.964021729},
{"learn":[0.4663195181],"iteration":10,"passed_time":0.02187302929,"remaining_time":1.966584179},
{"learn":[0.4555758186],"iteration":11,"passed_time":0.02385480899,"remaining_time":1.96404594},
{"learn":[0.4446558027],"iteration":12,"passed_time":0.02631627133,"remaining_time":1.998012292},
{"learn":[0.4343575948],"iteration":13,"passed_time":0.02835597969,"remaining_time":1.997071141},
{"learn":[0.4254472143],"iteration":14,"passed_time":0.03039179641,"remaining_time":1.995727964},
{"learn":[0.4160449691],"iteration":15,"passed_time":0.03241300952,"remaining_time":1.993400085},
{"learn":[0.4071332818],"iteration":16,"passed_time":0.03447620284,"remaining_time":1.993535729},
{"learn":[0.3992767692],"iteration":17,"passed_time":0.03652394029,"remaining_time":1.992583854},
{"learn":[0.3915102325],"iteration":18,"passed_time":0.03862925463,"remaining_time":1.99448941},
{"learn":[0.3840685143],"iteration":19,"passed_time":0.04070322951,"remaining_time":1.994458246},
{"learn":[0.3775023919],"iteration":20,"passed_time":0.04285672097,"remaining_time":1.997939516},
{"learn":[0.3711576671],"iteration":21,"passed_time":0.04485172196,"remaining_time":1.993862913},
{"learn":[0.3654711639],"iteration":22,"passed_time":0.04709612333,"remaining_time":2.000561413},
{"learn":[0.3600825251],"iteration":23,"passed_time":0.04948975145,"remaining_time":2.012583225},
{"learn":[0.354781137],"iteration":24,"passed_time":0.05178818613,"remaining_time":2.019739259},
{"learn":[0.3498603963],"iteration":25,"passed_time":0.05433838973,"remaining_time":2.035599677},
{"learn":[0.3452674779],"iteration":26,"passed_time":0.0570670162,"remaining_time":2.056526176},
{"learn":[0.3413901652],"iteration":27,"passed_time":0.05913963304,"remaining_time":2.052990118},
{"learn":[0.3375901383],"iteration":28,"passed_time":0.06124787865,"remaining_time":2.050747937},
{"learn":[0.3337917577],"iteration":29,"passed_time":0.06335777026,"remaining_time":2.048567905},
{"learn":[0.3303679497],"iteration":30,"passed_time":0.06533863704,"remaining_time":2.042359332},
{"learn":[0.3274493965],"iteration":31,"passed_time":0.06646753117,"remaining_time":2.010642818},
{"learn":[0.3243263815],"iteration":32,"passed_time":0.06844470407,"remaining_time":2.005637237},
{"learn":[0.3212426892],"iteration":33,"passed_time":0.07063795803,"remaining_time":2.006949043},
{"learn":[0.3184984889],"iteration":34,"passed_time":0.07287343849,"remaining_time":2.009224804},
{"learn":[0.3160947705],"iteration":35,"passed_time":0.07500169984,"remaining_time":2.008378851},
{"learn":[0.3136993401],"iteration":36,"passed_time":0.07713475786,"remaining_time":2.007588428},
{"learn":[0.3114935996],"iteration":37,"passed_time":0.07914000142,"remaining_time":2.003491615},
{"learn":[0.3094866375],"iteration":38,"passed_time":0.08114838087,"remaining_time":1.999579334},
{"learn":[0.3073461782],"iteration":39,"passed_time":0.08304274255,"remaining_time":1.993025821},
{"learn":[0.3052079419],"iteration":40,"passed_time":0.0849758631,"remaining_time":1.987606164},
{"learn":[0.3033900104],"iteration":41,"passed_time":0.08746182932,"remaining_time":1.994962678},
{"learn":[0.3014000872],"iteration":42,"passed_time":0.08958021201,"remaining_time":1.993680532},
{"learn":[0.2998557759],"iteration":43,"passed_time":0.09173687364,"remaining_time":1.993192073},
{"learn":[0.2982456496],"iteration":44,"passed_time":0.09387478054,"remaining_time":1.992231454},
{"learn":[0.2967980727],"iteration":45,"passed_time":0.0959677575,"remaining_time":1.99028784},
{"learn":[0.2953606354],"iteration":46,"passed_time":0.09818277025,"remaining_time":1.990812341},
{"learn":[0.2941788575],"iteration":47,"passed_time":0.1003510077,"remaining_time":1.990294986},
{"learn":[0.2929354498],"iteration":48,"passed_time":0.1029816782,"remaining_time":1.998685225},
{"learn":[0.2916456757],"iteration":49,"passed_time":0.1052444435,"remaining_time":1.999644427},
{"learn":[0.2904121978],"iteration":50,"passed_time":0.1073709212,"remaining_time":1.99794126},
{"learn":[0.2893368419],"iteration":51,"passed_time":0.109451199,"remaining_time":1.995379552},
{"learn":[0.2883103876],"iteration":52,"passed_time":0.1113955083,"remaining_time":1.990406535},
{"learn":[0.2872992687],"iteration":53,"passed_time":0.1133641653,"remaining_time":1.98597223},
{"learn":[0.2864499308],"iteration":54,"passed_time":0.1153682439,"remaining_time":1.98223619},
{"learn":[0.2855965169],"iteration":55,"passed_time":0.1177212308,"remaining_time":1.984443605},
{"learn":[0.2846071599],"iteration":56,"passed_time":0.1197688934,"remaining_time":1.981439762},
{"learn":[0.2838882548],"iteration":57,"passed_time":0.1217624071,"remaining_time":1.97758944},
{"learn":[0.2832640606],"iteration":58,"passed_time":0.1238423796,"remaining_time":1.975181003},
{"learn":[0.2826511769],"iteration":59,"passed_time":0.1259092857,"remaining_time":1.97257881},
{"learn":[0.2821482612],"iteration":60,"passed_time":0.1280273921,"remaining_time":1.970782314},
{"learn":[0.2816326803],"iteration":61,"passed_time":0.1300245174,"remaining_time":1.967145118},
{"learn":[0.2810136304],"iteration":62,"passed_time":0.1321597125,"remaining_time":1.965613501},
{"learn":[0.2803639363],"iteration":63,"passed_time":0.1343030758,"remaining_time":1.964182483},
{"learn":[0.2797904721],"iteration":64,"passed_time":0.1370922589,"remaining_time":1.972019417},
{"learn":[0.2793497535],"iteration":65,"passed_time":0.1390836652,"remaining_time":1.968244595},
{"learn":[0.2788437426],"iteration":66,"passed_time":0.1411436657,"remaining_time":1.96547821},
{"learn":[0.2784908719],"iteration":67,"passed_time":0.1432514356,"remaining_time":1.963387323},
{"learn":[0.2780424209],"iteration":68,"passed_time":0.1453559161,"remaining_time":1.961251564},
{"learn":[0.2775506468],"iteration":69,"passed_time":0.1478849711,"remaining_time":1.964757473},
{"learn":[0.2770973914],"iteration":70,"passed_time":0.1499771417,"remaining_time":1.962376967},
{"learn":[0.2767593592],"iteration":71,"passed_time":0.1521464703,"remaining_time":1.960998951},
{"learn":[0.2765748786],"iteration":72,"passed_time":0.1532047841,"remaining_time":1.945490888},
{"learn":[0.2761975309],"iteration":73,"passed_time":0.155401877,"remaining_time":1.944623487},
{"learn":[0.2758841175],"iteration":74,"passed_time":0.1576197608,"remaining_time":1.94397705},
{"learn":[0.2755093402],"iteration":75,"passed_time":0.16005552,"remaining_time":1.945938164},
{"learn":[0.2751207864],"iteration":76,"passed_time":0.1624752221,"remaining_time":1.947592597},
{"learn":[0.2748000766],"iteration":77,"passed_time":0.1646589929,"remaining_time":1.946353737},
{"learn":[0.2745673743],"iteration":78,"passed_time":0.1669751471,"remaining_time":1.946634309},
{"learn":[0.2743487272],"iteration":79,"passed_time":0.1691001312,"remaining_time":1.944651508},
{"learn":[0.274081327],"iteration":80,"passed_time":0.1712901453,"remaining_time":1.943403007},
{"learn":[0.2737767369],"iteration":81,"passed_time":0.1734135404,"remaining_time":1.941385733},
{"learn":[0.2734728761],"iteration":82,"passed_time":0.1756597956,"remaining_time":1.940723284},
{"learn":[0.2732213001],"iteration":83,"passed_time":0.1785577352,"remaining_time":1.947129588},
{"learn":[0.2729843282],"iteration":84,"passed_time":0.1807808292,"remaining_time":1.946052456},
{"learn":[0.2728002029],"iteration":85,"passed_time":0.1832344191,"remaining_time":1.947398361},
{"learn":[0.2725279437],"iteration":86,"passed_time":0.185386195,"remaining_time":1.945489609},
{"learn":[0.2722772724],"iteration":87,"passed_time":0.1875165654,"remaining_time":1.943353496},
{"learn":[0.2721007495],"iteration":88,"passed_time":0.1903101866,"remaining_time":1.948006516},
{"learn":[0.2719015741],"iteration":89,"passed_time":0.1937140626,"remaining_time":1.958664411},
{"learn":[0.2717054822],"iteration":90,"passed_time":0.1959041738,"remaining_time":1.956888945},
{"learn":[0.2714859918],"iteration":91,"passed_time":0.1980133165,"remaining_time":1.954305341},
{"learn":[0.2712545292],"iteration":92,"passed_time":0.2000558438,"remaining_time":1.951082262},
{"learn":[0.2710637693],"iteration":93,"passed_time":0.2021221941,"remaining_time":1.948113914},
{"learn":[0.2708713651],"iteration":94,"passed_time":0.2045351445,"remaining_time":1.948466376},
{"learn":[0.2706462773],"iteration":95,"passed_time":0.2067544766,"remaining_time":1.946937988},
{"learn":[0.2704153438],"iteration":96,"passed_time":0.2094748282,"remaining_time":1.950059483},
{"learn":[0.2701989442],"iteration":97,"passed_time":0.2115217107,"remaining_time":1.946863093},
{"learn":[0.270041569],"iteration":98,"passed_time":0.2135232251,"remaining_time":1.943277028},
{"learn":[0.2698456716],"iteration":99,"passed_time":0.2155996777,"remaining_time":1.940397099},
{"learn":[0.2696656245],"iteration":100,"passed_time":0.217729748,"remaining_time":1.938010331},
{"learn":[0.2694801941],"iteration":101,"passed_time":0.2200347561,"remaining_time":1.937168735},
{"learn":[0.2692425805],"iteration":102,"passed_time":0.2222250277,"remaining_time":1.935299513},
{"learn":[0.2690033559],"iteration":103,"passed_time":0.2245534048,"remaining_time":1.934613949},
{"learn":[0.2688668854],"iteration":104,"passed_time":0.2265655946,"remaining_time":1.931201973},
{"learn":[0.2687423577],"iteration":105,"passed_time":0.2288642672,"remaining_time":1.930232593},
{"learn":[0.2686277567],"iteration":106,"passed_time":0.2309407488,"remaining_time":1.927384006},
{"learn":[0.2684485079],"iteration":107,"passed_time":0.2333485902,"remaining_time":1.927286504},
{"learn":[0.2683425443],"iteration":108,"passed_time":0.2356173958,"remaining_time":1.926010089},
{"learn":[0.2679928302],"iteration":109,"passed_time":0.2377611178,"remaining_time":1.923703589},
{"learn":[0.267701438],"iteration":110,"passed_time":0.2399149093,"remaining_time":1.92148067},
{"learn":[0.2675537965],"iteration":111,"passed_time":0.2421451332,"remaining_time":1.919864985},
{"learn":[0.267244365],"iteration":112,"passed_time":0.2442543039,"remaining_time":1.917288208},
{"learn":[0.2671445206],"iteration":113,"passed_time":0.2466014963,"remaining_time":1.916569524},
{"learn":[0.2668990679],"iteration":114,"passed_time":0.2487895634,"remaining_time":1.914597944},
{"learn":[0.2667568286],"iteration":115,"passed_time":0.2508458336,"remaining_time":1.911618249},
{"learn":[0.2666138307],"iteration":116,"passed_time":0.2530871301,"remaining_time":1.910050734},
{"learn":[0.2664824194],"iteration":117,"passed_time":0.255267772,"remaining_time":1.908018431},
{"learn":[0.2661909025],"iteration":118,"passed_time":0.2573175372,"remaining_time":1.905014708},
{"learn":[0.2660206207],"iteration":119,"passed_time":0.2594093634,"remaining_time":1.902335332},
{"learn":[0.2658232174],"iteration":120,"passed_time":0.261619041,"remaining_time":1.900521794},
{"learn":[0.2657366526],"iteration":121,"passed_time":0.2636940127,"remaining_time":1.897732321},
{"learn":[0.26561692],"iteration":122,"passed_time":0.2658669788,"remaining_time":1.895653174},
{"learn":[0.2654365445],"iteration":123,"passed_time":0.2680236378,"remaining_time":1.893457312},
{"learn":[0.2652561603],"iteration":124,"passed_time":0.2702052885,"remaining_time":1.891437019},
{"learn":[0.2651542041],"iteration":125,"passed_time":0.2722531478,"remaining_time":1.88848612},
{"learn":[0.2651231866],"iteration":126,"passed_time":0.2732241152,"remaining_time":1.878146871},
{"learn":[0.2649774113],"iteration":127,"passed_time":0.2752558747,"remaining_time":1.875180646},
{"learn":[0.2648796874],"iteration":128,"passed_time":0.2772700819,"remaining_time":1.872110398},
{"learn":[0.2647676036],"iteration":129,"passed_time":0.2793144587,"remaining_time":1.869258301},
{"learn":[0.2646393283],"iteration":130,"passed_time":0.2813739112,"remaining_time":1.866518541},
{"learn":[0.2645180425],"iteration":131,"passed_time":0.2837956717,"remaining_time":1.866171538},
{"learn":[0.2644254196],"iteration":132,"passed_time":0.2859930446,"remaining_time":1.864330599},
{"learn":[0.2643083777],"iteration":133,"passed_time":0.2880308839,"remaining_time":1.861453324},
{"learn":[0.264256529],"iteration":134,"passed_time":0.2900569217,"remaining_time":1.858512868},
{"learn":[0.2640861938],"iteration":135,"passed_time":0.2921136444,"remaining_time":1.855780799},
{"learn":[0.2640035668],"iteration":136,"passed_time":0.2941710084,"remaining_time":1.853062629},
{"learn":[0.2638496447],"iteration":137,"passed_time":0.2965003759,"remaining_time":1.852053073},
{"learn":[0.2637392017],"iteration":138,"passed_time":0.2986082892,"remaining_time":1.849652784},
{"learn":[0.2636147707],"iteration":139,"passed_time":0.3008145235,"remaining_time":1.847860644},
{"learn":[0.2634895441],"iteration":140,"passed_time":0.3028985653,"remaining_time":1.84531821},
{"learn":[0.2632899562],"iteration":141,"passed_time":0.3050545919,"remaining_time":1.843217182},
{"learn":[0.2631483791],"iteration":142,"passed_time":0.307226479,"remaining_time":1.841210437},
{"learn":[0.2630255596],"iteration":143,"passed_time":0.3093554655,"remaining_time":1.838946378},
{"learn":[0.2629429194],"iteration":144,"passed_time":0.3115256316,"remaining_time":1.836927},
{"learn":[0.2628467751],"iteration":145,"passed_time":0.3135831449,"remaining_time":1.834246615},
{"learn":[0.2627516802],"iteration":146,"passed_time":0.3158357441,"remaining_time":1.832706733},
{"learn":[0.2626726853],"iteration":147,"passed_time":0.3178120779,"remaining_time":1.829566827},
{"learn":[0.2624937547],"iteration":148,"passed_time":0.3199113921,"remaining_time":1.827144931},
{"learn":[0.2623348785],"iteration":149,"passed_time":0.3220251416,"remaining_time":1.824809136},
{"learn":[0.2621774586],"iteration":150,"passed_time":0.3241185331,"remaining_time":1.822361819},
{"learn":[0.2621238671],"iteration":151,"passed_time":0.3262121783,"remaining_time":1.819920574},
{"learn":[0.2620617326],"iteration":152,"passed_time":0.3282573731,"remaining_time":1.817215654},
{"learn":[0.2619118706],"iteration":153,"passed_time":0.3303836631,"remaining_time":1.814964798},
{"learn":[0.2617996423],"iteration":154,"passed_time":0.3323486115,"remaining_time":1.811835979},
{"learn":[0.2615209582],"iteration":155,"passed_time":0.3343985993,"remaining_time":1.809182166},
{"learn":[0.2614456273],"iteration":156,"passed_time":0.3364625885,"remaining_time":1.806611223},
{"learn":[0.2613576601],"iteration":157,"passed_time":0.3385044075,"remaining_time":1.803928551},
{"learn":[0.2612470363],"iteration":158,"passed_time":0.3406517669,"remaining_time":1.801812176},
{"learn":[0.2611330566],"iteration":159,"passed_time":0.3428126461,"remaining_time":1.799766392},
{"learn":[0.2610046123],"iteration":160,"passed_time":0.3451818927,"remaining_time":1.798805019},
{"learn":[0.2608685102],"iteration":161,"passed_time":0.3471822948,"remaining_time":1.79591829},
{"learn":[0.2607129002],"iteration":162,"passed_time":0.349173835,"remaining_time":1.792996932},
{"learn":[0.2605440127],"iteration":163,"passed_time":0.3511629497,"remaining_time":1.790074549},
{"learn":[0.2604444677],"iteration":164,"passed_time":0.3531214823,"remaining_time":1.787008714},
{"learn":[0.2603108858],"iteration":165,"passed_time":0.3551894122,"remaining_time":1.784505842},
{"learn":[0.2600594446],"iteration":166,"passed_time":0.3572469692,"remaining_time":1.781956439},
{"learn":[0.260000322],"iteration":167,"passed_time":0.3594844295,"remaining_time":1.780303842},
{"learn":[0.2598911377],"iteration":168,"passed_time":0.3617174861,"remaining_time":1.778622668},
{"learn":[0.2598056089],"iteration":169,"passed_time":0.3640666589,"remaining_time":1.777501923},
{"learn":[0.2597122015],"iteration":170,"passed_time":0.3660205257,"remaining_time":1.774450385},
{"learn":[0.2595151712],"iteration":171,"passed_time":0.3679775019,"remaining_time":1.771426579},
{"learn":[0.2594579478],"iteration":172,"passed_time":0.3698972039,"remaining_time":1.768236923},
{"learn":[0.2592547048],"iteration":173,"passed_time":0.3719081708,"remaining_time":1.76549511},
{"learn":[0.2591732032],"iteration":174,"passed_time":0.3740405764,"remaining_time":1.763334146},
{"learn":[0.2589778005],"iteration":175,"passed_time":0.3769785649,"remaining_time":1.764945099},
{"learn":[0.2588422285],"iteration":176,"passed_time":0.3793595287,"remaining_time":1.763914645},
{"learn":[0.2586796227],"iteration":177,"passed_time":0.3815096448,"remaining_time":1.761802966},
{"learn":[0.2585982539],"iteration":178,"passed_time":0.3835095405,"remaining_time":1.759001859},
{"learn":[0.258418846],"iteration":179,"passed_time":0.3857504801,"remaining_time":1.757307743},
{"learn":[0.2583107269],"iteration":180,"passed_time":0.3882063737,"remaining_time":1.756580221},
{"learn":[0.2582178108],"iteration":181,"passed_time":0.3913805671,"remaining_time":1.759062109},
{"learn":[0.2579806183],"iteration":182,"passed_time":0.3935014607,"remaining_time":1.756779745},
{"learn":[0.2578277813],"iteration":183,"passed_time":0.395759683,"remaining_time":1.755108159},
{"learn":[0.2576561488],"iteration":184,"passed_time":0.3981128567,"remaining_time":1.753848531},
{"learn":[0.2575624811],"iteration":185,"passed_time":0.4003805853,"remaining_time":1.752203207},
{"learn":[0.257298588],"iteration":186,"passed_time":0.4030466088,"remaining_time":1.75228285},
{"learn":[0.2571733414],"iteration":187,"passed_time":0.4057180935,"remaining_time":1.752356872},
{"learn":[0.2570274878],"iteration":188,"passed_time":0.4080559795,"remaining_time":1.750970367},
{"learn":[0.2569216502],"iteration":189,"passed_time":0.4104529223,"remaining_time":1.749825616},
{"learn":[0.2568071827],"iteration":190,"passed_time":0.412714472,"remaining_time":1.748094282},
{"learn":[0.2566175816],"iteration":191,"passed_time":0.4150307954,"remaining_time":1.746587931},
{"learn":[0.2564984934],"iteration":192,"passed_time":0.4172845939,"remaining_time":1.744811748},
{"learn":[0.2562858276],"iteration":193,"passed_time":0.4209179669,"remaining_time":1.748762275},
{"learn":[0.2562033103],"iteration":194,"passed_time":0.4230377857,"remaining_time":1.746386756},
{"learn":[0.2560189468],"iteration":195,"passed_time":0.4252869553,"remaining_time":1.744544449},
{"learn":[0.2559371123],"iteration":196,"passed_time":0.4277904263,"remaining_time":1.74373458},
{"learn":[0.2557928678],"iteration":197,"passed_time":0.4299164478,"remaining_time":1.741378743},
{"learn":[0.2556628894],"iteration":198,"passed_time":0.4320733367,"remaining_time":1.739149461},
{"learn":[0.255578387],"iteration":199,"passed_time":0.4343602178,"remaining_time":1.737440871},
{"learn":[0.2554299453],"iteration":200,"passed_time":0.4366777194,"remaining_time":1.735848248},
{"learn":[0.2553402893],"iteration":201,"passed_time":0.4387660817,"remaining_time":1.733343233},
{"learn":[0.2552138864],"iteration":202,"passed_time":0.4409199644,"remaining_time":1.731099565},
{"learn":[0.255124256],"iteration":203,"passed_time":0.4430423928,"remaining_time":1.728734042},
{"learn":[0.2549922173],"iteration":204,"passed_time":0.4452601501,"remaining_time":1.726740582},
{"learn":[0.2547889133],"iteration":205,"passed_time":0.4476121471,"remaining_time":1.725262354},
{"learn":[0.2546588255],"iteration":206,"passed_time":0.4499495306,"remaining_time":1.723719699},
{"learn":[0.2544821055],"iteration":207,"passed_time":0.4520843954,"remaining_time":1.721398275},
{"learn":[0.2543897662],"iteration":208,"passed_time":0.4541629276,"remaining_time":1.718865434},
{"learn":[0.2543193483],"iteration":209,"passed_time":0.4561534916,"remaining_time":1.716005992},
{"learn":[0.2542045027],"iteration":210,"passed_time":0.4582357228,"remaining_time":1.713497561},
{"learn":[0.2540822501],"iteration":211,"passed_time":0.4603710571,"remaining_time":1.711190533},
{"learn":[0.2540016083],"iteration":212,"passed_time":0.4625217048,"remaining_time":1.708941698},
{"learn":[0.2539365376],"iteration":213,"passed_time":0.4646358826,"remaining_time":1.70655983},
{"learn":[0.2537621224],"iteration":214,"passed_time":0.4669495279,"remaining_time":1.704908741},
{"learn":[0.2536823263],"iteration":215,"passed_time":0.468986516,"remaining_time":1.702247354},
{"learn":[0.2534894926],"iteration":216,"passed_time":0.4710805082,"remaining_time":1.69979741},
{"learn":[0.2534379376],"iteration":217,"passed_time":0.4730891835,"remaining_time":1.697044686},
{"learn":[0.2532970414],"iteration":218,"passed_time":0.4751914674,"remaining_time":1.694632585},
{"learn":[0.25321686],"iteration":219,"passed_time":0.4773612718,"remaining_time":1.692462691},
{"learn":[0.2530793081],"iteration":220,"passed_time":0.4794367118,"remaining_time":1.689960174},
{"learn":[0.2529329636],"iteration":221,"passed_time":0.4815893309,"remaining_time":1.687731979},
{"learn":[0.2527730913],"iteration":222,"passed_time":0.4835881798,"remaining_time":1.68496868},
{"learn":[0.2526669636],"iteration":223,"passed_time":0.485587997,"remaining_time":1.682215561},
{"learn":[0.2525383562],"iteration":224,"passed_time":0.4876010887,"remaining_time":1.679514861},
{"learn":[0.252481862],"iteration":225,"passed_time":0.4895672211,"remaining_time":1.676659421},
{"learn":[0.2522518074],"iteration":226,"passed_time":0.4918646395,"remaining_time":1.67493994},
{"learn":[0.2521876887],"iteration":227,"passed_time":0.4939716478,"remaining_time":1.672570667},
{"learn":[0.2521110611],"iteration":228,"passed_time":0.496160382,"remaining_time":1.670478841},
{"learn":[0.251963177],"iteration":229,"passed_time":0.4981144428,"remaining_time":1.667600526},
{"learn":[0.2518251526],"iteration":230,"passed_time":0.5000807102,"remaining_time":1.664770849},
{"learn":[0.2517450666],"iteration":231,"passed_time":0.502049314,"remaining_time":1.66195635},
{"learn":[0.2516075133],"iteration":232,"passed_time":0.5041982165,"remaining_time":1.659742627},
{"learn":[0.2514490437],"iteration":233,"passed_time":0.5063499692,"remaining_time":1.657538788},
{"learn":[0.2513789329],"iteration":234,"passed_time":0.5084364998,"remaining_time":1.655123074},
{"learn":[0.2512506893],"iteration":235,"passed_time":0.5107014949,"remaining_time":1.65328789},
{"learn":[0.2511160536],"iteration":236,"passed_time":0.512899275,"remaining_time":1.651232687},
{"learn":[0.2510369289],"iteration":237,"passed_time":0.514906896,"remaining_time":1.648567457},
{"learn":[0.2508955645],"iteration":238,"passed_time":0.5169508114,"remaining_time":1.646023295},
{"learn":[0.250836692],"iteration":239,"passed_time":0.5189998458,"remaining_time":1.643499512},
{"learn":[0.2507620464],"iteration":240,"passed_time":0.521126353,"remaining_time":1.641223659},
{"learn":[0.2506009978],"iteration":241,"passed_time":0.5233744087,"remaining_time":1.639329759},
{"learn":[0.2505302859],"iteration":242,"passed_time":0.5253861904,"remaining_time":1.636696898},
{"learn":[0.2503964157],"iteration":243,"passed_time":0.5277022148,"remaining_time":1.63501178},
{"learn":[0.2502687864],"iteration":244,"passed_time":0.529592997,"remaining_time":1.632011072},
{"learn":[0.2501968463],"iteration":245,"passed_time":0.5316060429,"remaining_time":1.629394131},
{"learn":[0.2499957174],"iteration":246,"passed_time":0.5336348167,"remaining_time":1.626830028},
{"learn":[0.2498251464],"iteration":247,"passed_time":0.5357189076,"remaining_time":1.624437978},
{"learn":[0.2496587457],"iteration":248,"passed_time":0.5379656374,"remaining_time":1.622538931},
{"learn":[0.2495355408],"iteration":249,"passed_time":0.5400515489,"remaining_time":1.620154647},
{"learn":[0.2494740286],"iteration":250,"passed_time":0.5424866071,"remaining_time":1.618814616},
{"learn":[0.2494035437],"iteration":251,"passed_time":0.5445790398,"remaining_time":1.616448896},
{"learn":[0.2493621247],"iteration":252,"passed_time":0.5465935518,"remaining_time":1.61385527},
{"learn":[0.249195473],"iteration":253,"passed_time":0.5486581116,"remaining_time":1.611413194},
{"learn":[0.2490485806],"iteration":254,"passed_time":0.5508265099,"remaining_time":1.609277451},
{"learn":[0.2487630706],"iteration":255,"passed_time":0.5531614874,"remaining_time":1.607625573},
{"learn":[0.2485734236],"iteration":256,"passed_time":0.5552322789,"remaining_time":1.605204604},
{"learn":[0.2484587338],"iteration":257,"passed_time":0.5575078314,"remaining_time":1.603375236},
{"learn":[0.2483417272],"iteration":258,"passed_time":0.5596317708,"remaining_time":1.601108657},
{"learn":[0.2481968631],"iteration":259,"passed_time":0.5618245981,"remaining_time":1.599039241},
{"learn":[0.2481219385],"iteration":260,"passed_time":0.563920307,"remaining_time":1.596693896},
{"learn":[0.2480573023],"iteration":261,"passed_time":0.5661022367,"remaining_time":1.594593323},
{"learn":[0.2479930355],"iteration":262,"passed_time":0.5682792231,"remaining_time":1.592478279},
{"learn":[0.2478643664],"iteration":263,"passed_time":0.5705156117,"remaining_time":1.590528372},
{"learn":[0.2477233881],"iteration":264,"passed_time":0.5730808688,"remaining_time":1.589488447},
{"learn":[0.2476044037],"iteration":265,"passed_time":0.5752291496,"remaining_time":1.58728645},
{"learn":[0.2475267677],"iteration":266,"passed_time":0.577482995,"remaining_time":1.585374664},
{"learn":[0.2474594631],"iteration":267,"passed_time":0.5797446876,"remaining_time":1.583481759},
{"learn":[0.2473946638],"iteration":268,"passed_time":0.5818366657,"remaining_time":1.581124917},
{"learn":[0.247251686],"iteration":269,"passed_time":0.5840307888,"remaining_time":1.579046207},
{"learn":[0.2471912641],"iteration":270,"passed_time":0.586383568,"remaining_time":1.577393436},
{"learn":[0.2471277859],"iteration":271,"passed_time":0.5886760742,"remaining_time":1.575574199},
{"learn":[0.2469895122],"iteration":272,"passed_time":0.5908760699,"remaining_time":1.573505138},
{"learn":[0.2468704169],"iteration":273,"passed_time":0.5931994393,"remaining_time":1.571762018},
{"learn":[0.2466598727],"iteration":274,"passed_time":0.5954926987,"remaining_time":1.569935297},
{"learn":[0.2465956128],"iteration":275,"passed_time":0.5976315491,"remaining_time":1.56770015},
{"learn":[0.2464973652],"iteration":276,"passed_time":0.5998372633,"remaining_time":1.565640222},
{"learn":[0.2464530799],"iteration":277,"passed_time":0.6023987563,"remaining_time":1.564503245},
{"learn":[0.2463995874],"iteration":278,"passed_time":0.6046714552,"remaining_time":1.562609746},
{"learn":[0.2463230839],"iteration":279,"passed_time":0.6066255845,"remaining_time":1.55989436},
{"learn":[0.2461773245],"iteration":280,"passed_time":0.6086699909,"remaining_time":1.557415386},
{"learn":[0.2460635677],"iteration":281,"passed_time":0.6106613788,"remaining_time":1.554804503},
{"learn":[0.2459861465],"iteration":282,"passed_time":0.6127639696,"remaining_time":1.552479739},
{"learn":[0.2458783639],"iteration":283,"passed_time":0.6147596573,"remaining_time":1.549887023},
{"learn":[0.2458061988],"iteration":284,"passed_time":0.6167520814,"remaining_time":1.54729031},
{"learn":[0.2457404507],"iteration":285,"passed_time":0.6189158497,"remaining_time":1.545125583},
{"learn":[0.2456906578],"iteration":286,"passed_time":0.6209516633,"remaining_time":1.542642982},
{"learn":[0.2456123581],"iteration":287,"passed_time":0.6231432438,"remaining_time":1.540548575},
{"learn":[0.2454787853],"iteration":288,"passed_time":0.6253826924,"remaining_time":1.538571261},
{"learn":[0.245401664],"iteration":289,"passed_time":0.6276288869,"remaining_time":1.536608654},
{"learn":[0.245288895],"iteration":290,"passed_time":0.6298776266,"remaining_time":1.5346503},
{"learn":[0.2452366387],"iteration":291,"passed_time":0.6327243514,"remaining_time":1.534139866},
{"learn":[0.2451470889],"iteration":292,"passed_time":0.635009079,"remaining_time":1.532257402},
{"learn":[0.2450767842],"iteration":293,"passed_time":0.637129306,"remaining_time":1.529977177},
{"learn":[0.2450642949],"iteration":294,"passed_time":0.6391087151,"remaining_time":1.527361505},
{"learn":[0.2449732848],"iteration":295,"passed_time":0.6411811874,"remaining_time":1.524971473},
{"learn":[0.2448514169],"iteration":296,"passed_time":0.6431533426,"remaining_time":1.522346128},
{"learn":[0.2446974364],"iteration":297,"passed_time":0.6452205637,"remaining_time":1.519949113},
{"learn":[0.2446272671],"iteration":298,"passed_time":0.6480789043,"remaining_time":1.51940907},
{"learn":[0.2445104881],"iteration":299,"passed_time":0.650365288,"remaining_time":1.517519005},
{"learn":[0.2444832358],"iteration":300,"passed_time":0.6522893721,"remaining_time":1.514784954},
{"learn":[0.2443980808],"iteration":301,"passed_time":0.6542739259,"remaining_time":1.512196027},
{"learn":[0.2443075526],"iteration":302,"passed_time":0.6562380975,"remaining_time":1.509564204},
{"learn":[0.244167442],"iteration":303,"passed_time":0.6584251767,"remaining_time":1.507447115},
{"learn":[0.2440551331],"iteration":304,"passed_time":0.6605802329,"remaining_time":1.505256596},
{"learn":[0.2439792382],"iteration":305,"passed_time":0.6626696352,"remaining_time":1.502917408},
{"learn":[0.2439127554],"iteration":306,"passed_time":0.6648505185,"remaining_time":1.50078635},
{"learn":[0.2438369433],"iteration":307,"passed_time":0.6668690203,"remaining_time":1.498290137},
{"learn":[0.2436825604],"iteration":308,"passed_time":0.6689396473,"remaining_time":1.49591358},
{"learn":[0.2435783064],"iteration":309,"passed_time":0.6710188312,"remaining_time":1.493558044},
{"learn":[0.2434555091],"iteration":310,"passed_time":0.6731591457,"remaining_time":1.491339715},
{"learn":[0.2434436329],"iteration":311,"passed_time":0.6753150716,"remaining_time":1.489156312},
{"learn":[0.2433606195],"iteration":312,"passed_time":0.6773124517,"remaining_time":1.486625094},
{"learn":[0.2433235169],"iteration":313,"passed_time":0.6805656227,"remaining_time":1.486840819},
{"learn":[0.2432323851],"iteration":314,"passed_time":0.6826430626,"remaining_time":1.484477771},
{"learn":[0.2431580241],"iteration":315,"passed_time":0.6847217286,"remaining_time":1.482119185},
{"learn":[0.2430841731],"iteration":316,"passed_time":0.6868217674,"remaining_time":1.479808414},
{"learn":[0.2430313772],"iteration":317,"passed_time":0.688873579,"remaining_time":1.477395537},
{"learn":[0.2430090539],"iteration":318,"passed_time":0.6913179195,"remaining_time":1.475822894},
{"learn":[0.2429765016],"iteration":319,"passed_time":0.693583029,"remaining_time":1.473863937},
{"learn":[0.2429095735],"iteration":320,"passed_time":0.6957481548,"remaining_time":1.47169158},
{"learn":[0.2428363178],"iteration":321,"passed_time":0.6977615725,"remaining_time":1.469199833},
{"learn":[0.2427202474],"iteration":322,"passed_time":0.6997583123,"remaining_time":1.466676091},
{"learn":[0.2426938743],"iteration":323,"passed_time":0.7016369618,"remaining_time":1.463909217},
{"learn":[0.2426086554],"iteration":324,"passed_time":0.7038947886,"remaining_time":1.46193533},
{"learn":[0.2425521531],"iteration":325,"passed_time":0.7060154106,"remaining_time":1.459676033},
{"learn":[0.2424518921],"iteration":326,"passed_time":0.7080141988,"remaining_time":1.457166837},
{"learn":[0.2423491196],"iteration":327,"passed_time":0.7102843561,"remaining_time":1.45521673},
{"learn":[0.2421293136],"iteration":328,"passed_time":0.7122421709,"remaining_time":1.45262765},
{"learn":[0.2420519524],"iteration":329,"passed_time":0.7142439527,"remaining_time":1.450131661},
{"learn":[0.2420260285],"iteration":330,"passed_time":0.716156913,"remaining_time":1.447459138},
{"learn":[0.2419335334],"iteration":331,"passed_time":0.7182465826,"remaining_time":1.445146739},
{"learn":[0.2418126878],"iteration":332,"passed_time":0.7203880015,"remaining_time":1.44293933},
{"learn":[0.241743473],"iteration":333,"passed_time":0.7224165944,"remaining_time":1.440507341},
{"learn":[0.2416877557],"iteration":334,"passed_time":0.7247937789,"remaining_time":1.43876974},
{"learn":[0.2416639211],"iteration":335,"passed_time":0.7266799021,"remaining_time":1.436057902},
{"learn":[0.2416004521],"iteration":336,"passed_time":0.7286778834,"remaining_time":1.433571029},
{"learn":[0.2414607601],"iteration":337,"passed_time":0.7307703583,"remaining_time":1.431272122},
{"learn":[0.2413726734],"iteration":338,"passed_time":0.7329940641,"remaining_time":1.429230314},
{"learn":[0.2412368749],"iteration":339,"passed_time":0.7351153955,"remaining_time":1.426988709},
{"learn":[0.2411122488],"iteration":340,"passed_time":0.7374051081,"remaining_time":1.425073215},
{"learn":[0.2410642992],"iteration":341,"passed_time":0.7397083336,"remaining_time":1.423181531},
{"learn":[0.2409598451],"iteration":342,"passed_time":0.7420566937,"remaining_time":1.4213739},
{"learn":[0.2409129676],"iteration":343,"passed_time":0.7442450767,"remaining_time":1.419258053},
{"learn":[0.2407687014],"iteration":344,"passed_time":0.7472253281,"remaining_time":1.418645188},
{"learn":[0.2406126715],"iteration":345,"passed_time":0.7495533861,"remaining_time":1.41678588},
{"learn":[0.2405246629],"iteration":346,"passed_time":0.7519301797,"remaining_time":1.415015583},
{"learn":[0.2403915765],"iteration":347,"passed_time":0.7544818421,"remaining_time":1.413569428},
{"learn":[0.2403376652],"iteration":348,"passed_time":0.7568374565,"remaining_time":1.411751244},
{"learn":[0.2402483103],"iteration":349,"passed_time":0.7590843372,"remaining_time":1.409728055},
{"learn":[0.2401458134],"iteration":350,"passed_time":0.7615165217,"remaining_time":1.408046218},
{"learn":[0.2401423367],"iteration":351,"passed_time":0.7637490345,"remaining_time":1.405992541},
{"learn":[0.2400763286],"iteration":352,"passed_time":0.7658664299,"remaining_time":1.403726856},
{"learn":[0.2400179013],"iteration":353,"passed_time":0.7681538852,"remaining_time":1.401772344},
{"learn":[0.2400123483],"iteration":354,"passed_time":0.7695217178,"remaining_time":1.398145093},
{"learn":[0.2399434253],"iteration":355,"passed_time":0.771619262,"remaining_time":1.395850575},
{"learn":[0.2399218992],"iteration":356,"passed_time":0.7735403068,"remaining_time":1.393239264},
{"learn":[0.2398590003],"iteration":357,"passed_time":0.7756148233,"remaining_time":1.390907029},
{"learn":[0.239782402],"iteration":358,"passed_time":0.777627444,"remaining_time":1.388465715},
{"learn":[0.2397212735],"iteration":359,"passed_time":0.7798321356,"remaining_time":1.386368241},
{"learn":[0.2396083269],"iteration":360,"passed_time":0.782223506,"remaining_time":1.38460061},
{"learn":[0.2395309762],"iteration":361,"passed_time":0.785627333,"remaining_time":1.384613918},
{"learn":[0.2394425338],"iteration":362,"passed_time":0.7878865526,"remaining_time":1.382599818},
{"learn":[0.2393779989],"iteration":363,"passed_time":0.7909786231,"remaining_time":1.382039572},
{"learn":[0.2393595687],"iteration":364,"passed_time":0.7934535134,"remaining_time":1.380391729},
{"learn":[0.2392942887],"iteration":365,"passed_time":0.795743746,"remaining_time":1.378419495},
{"learn":[0.2392840695],"iteration":366,"passed_time":0.7978433993,"remaining_time":1.376116817},
{"learn":[0.2391947362],"iteration":367,"passed_time":0.801783353,"remaining_time":1.376975758},
{"learn":[0.2391582058],"iteration":368,"passed_time":0.8051754955,"remaining_time":1.376871918},
{"learn":[0.2391007558],"iteration":369,"passed_time":0.8083195282,"remaining_time":1.376327845},
{"learn":[0.2390184532],"iteration":370,"passed_time":0.8104947278,"remaining_time":1.37412718},
{"learn":[0.2389399424],"iteration":371,"passed_time":0.8126734568,"remaining_time":1.37193261},
{"learn":[0.2388782521],"iteration":372,"passed_time":0.8152272968,"remaining_time":1.370368673},
{"learn":[0.2387052047],"iteration":373,"passed_time":0.8177033353,"remaining_time":1.368669219},
{"learn":[0.238588424],"iteration":374,"passed_time":0.8201909428,"remaining_time":1.366984905},
{"learn":[0.2384703995],"iteration":375,"passed_time":0.8231725211,"remaining_time":1.366116099},
{"learn":[0.238421514],"iteration":376,"passed_time":0.8253063976,"remaining_time":1.363835241},
{"learn":[0.2383759186],"iteration":377,"passed_time":0.8273505551,"remaining_time":1.361407527},
{"learn":[0.2382700445],"iteration":378,"passed_time":0.8295042053,"remaining_time":1.359161244},
{"learn":[0.23817236],"iteration":379,"passed_time":0.8334306824,"remaining_time":1.359807956},
{"learn":[0.2381189207],"iteration":380,"passed_time":0.8354757381,"remaining_time":1.357373968},
{"learn":[0.2379685495],"iteration":381,"passed_time":0.8375384726,"remaining_time":1.354970618},
{"learn":[0.2378358427],"iteration":382,"passed_time":0.8395736901,"remaining_time":1.352524718},
{"learn":[0.2377310388],"iteration":383,"passed_time":0.8418282386,"remaining_time":1.350432799},
{"learn":[0.2377265025],"iteration":384,"passed_time":0.8430685215,"remaining_time":1.346719846},
{"learn":[0.2377030505],"iteration":385,"passed_time":0.845172589,"remaining_time":1.344393704},
{"learn":[0.2375568603],"iteration":386,"passed_time":0.8477380877,"remaining_time":1.342799607},
{"learn":[0.2375502111],"iteration":387,"passed_time":0.8489916324,"remaining_time":1.339131132},
{"learn":[0.2375050088],"iteration":388,"passed_time":0.8511952186,"remaining_time":1.336967297},
{"learn":[0.2374100431],"iteration":389,"passed_time":0.8536755332,"remaining_time":1.33523609},
{"learn":[0.2373054298],"iteration":390,"passed_time":0.8559685985,"remaining_time":1.333209403},
{"learn":[0.2372307204],"iteration":391,"passed_time":0.8582299419,"remaining_time":1.331132155},
{"learn":[0.2371295898],"iteration":392,"passed_time":0.8610077296,"remaining_time":1.329851633},
{"learn":[0.2371117554],"iteration":393,"passed_time":0.8634079565,"remaining_time":1.327982796},
{"learn":[0.2370094773],"iteration":394,"passed_time":0.8655938792,"remaining_time":1.32578303},
{"learn":[0.2370068531],"iteration":395,"passed_time":0.8672518128,"remaining_time":1.322778018},
{"learn":[0.2369997547],"iteration":396,"passed_time":0.8694485471,"remaining_time":1.320598171},
{"learn":[0.2369928865],"iteration":397,"passed_time":0.8715705625,"remaining_time":1.318305223},
{"learn":[0.2368675869],"iteration":398,"passed_time":0.8740152061,"remaining_time":1.316499095},
{"learn":[0.2367762844],"iteration":399,"passed_time":0.8765841191,"remaining_time":1.314876179},
{"learn":[0.2367152177],"iteration":400,"passed_time":0.8788029687,"remaining_time":1.312725632},
{"learn":[0.2365980728],"iteration":401,"passed_time":0.8812010981,"remaining_time":1.310841435},
{"learn":[0.2365356197],"iteration":402,"passed_time":0.8835775384,"remaining_time":1.308922557},
{"learn":[0.2364893319],"iteration":403,"passed_time":0.8858306877,"remaining_time":1.306819529},
{"learn":[0.2364235758],"iteration":404,"passed_time":0.8882097507,"remaining_time":1.304900745},
{"learn":[0.236371408],"iteration":405,"passed_time":0.8906635964,"remaining_time":1.303089104},
{"learn":[0.2363120224],"iteration":406,"passed_time":0.8932775864,"remaining_time":1.301507638},
{"learn":[0.2362646315],"iteration":407,"passed_time":0.8956723817,"remaining_time":1.299603064},
{"learn":[0.2362115985],"iteration":408,"passed_time":0.8980278812,"remaining_time":1.29763931},
{"learn":[0.2361025655],"iteration":409,"passed_time":0.9000875003,"remaining_time":1.295247866},
{"learn":[0.2360144542],"iteration":410,"passed_time":0.9022009323,"remaining_time":1.292935156},
{"learn":[0.2360080937],"iteration":411,"passed_time":0.9043713632,"remaining_time":1.290704761},
{"learn":[0.2359325349],"iteration":412,"passed_time":0.9068744862,"remaining_time":1.288947514},
{"learn":[0.235865582],"iteration":413,"passed_time":0.9090324884,"remaining_time":1.28669816},
{"learn":[0.2357784961],"iteration":414,"passed_time":0.9113755815,"remaining_time":1.284710157},
{"learn":[0.235638868],"iteration":415,"passed_time":0.9137628919,"remaining_time":1.282782521},
{"learn":[0.2355854838],"iteration":416,"passed_time":0.9158017738,"remaining_time":1.28036555},
{"learn":[0.2355650706],"iteration":417,"passed_time":0.9178701209,"remaining_time":1.277991412},
{"learn":[0.2354839989],"iteration":418,"passed_time":0.920002787,"remaining_time":1.275707922},
{"learn":[0.2353578911],"iteration":419,"passed_time":0.9228176528,"remaining_time":1.274367235},
{"learn":[0.2353397678],"iteration":420,"passed_time":0.9249129719,"remaining_time":1.272029954},
{"learn":[0.2352712348],"iteration":421,"passed_time":0.9268981296,"remaining_time":1.269542936},
{"learn":[0.2352686694],"iteration":422,"passed_time":0.9287971793,"remaining_time":1.266940833},
{"learn":[0.2352058132],"iteration":423,"passed_time":0.9309804122,"remaining_time":1.264728107},
{"learn":[0.2350403572],"iteration":424,"passed_time":0.9331322898,"remaining_time":1.262473098},
{"learn":[0.2349668161],"iteration":425,"passed_time":0.9356084085,"remaining_time":1.260655461},
{"learn":[0.2348845437],"iteration":426,"passed_time":0.9384878481,"remaining_time":1.259375965},
{"learn":[0.2348099833],"iteration":427,"passed_time":0.9406208988,"remaining_time":1.257091482},
{"learn":[0.234749909],"iteration":428,"passed_time":0.9429745808,"remaining_time":1.255101365},
{"learn":[0.2346598536],"iteration":429,"passed_time":0.9451434707,"remaining_time":1.252864601},
{"learn":[0.2345756845],"iteration":430,"passed_time":0.947303727,"remaining_time":1.250616753},
{"learn":[0.2344704746],"iteration":431,"passed_time":0.9495453005,"remaining_time":1.248476228},
{"learn":[0.2344447211],"iteration":432,"passed_time":0.9518645315,"remaining_time":1.246436927},
{"learn":[0.2344389702],"iteration":433,"passed_time":0.9539196098,"remaining_time":1.244051841},
{"learn":[0.2343916085],"iteration":434,"passed_time":0.9560873583,"remaining_time":1.241814615},
{"learn":[0.2342971782],"iteration":435,"passed_time":0.9583575362,"remaining_time":1.239710207},
{"learn":[0.2341969212],"iteration":436,"passed_time":0.9606588837,"remaining_time":1.237645198},
{"learn":[0.2341026031],"iteration":437,"passed_time":0.9626834785,"remaining_time":1.235224007},
{"learn":[0.2340428811],"iteration":438,"passed_time":0.9649202458,"remaining_time":1.233075758},
{"learn":[0.233951972],"iteration":439,"passed_time":0.967539986,"remaining_time":1.231414528},
{"learn":[0.2339299002],"iteration":440,"passed_time":0.9696202195,"remaining_time":1.229065085},
{"learn":[0.2339243497],"iteration":441,"passed_time":0.9715186216,"remaining_time":1.22648731},
{"learn":[0.2338374195],"iteration":442,"passed_time":0.9736716595,"remaining_time":1.224232764},
{"learn":[0.2337551045],"iteration":443,"passed_time":0.9757572397,"remaining_time":1.221894201},
{"learn":[0.2336767578],"iteration":444,"passed_time":0.9778964762,"remaining_time":1.219623695},
{"learn":[0.2336525946],"iteration":445,"passed_time":0.9799119939,"remaining_time":1.2172001},
{"learn":[0.2335720587],"iteration":446,"passed_time":0.982324565,"remaining_time":1.21526954},
{"learn":[0.2335186823],"iteration":447,"passed_time":0.9843881249,"remaining_time":1.212906797},
{"learn":[0.2334518381],"iteration":448,"passed_time":0.9864212477,"remaining_time":1.210508034},
{"learn":[0.2333909425],"iteration":449,"passed_time":0.9884884239,"remaining_time":1.208152518},
{"learn":[0.2333196099],"iteration":450,"passed_time":0.9904845414,"remaining_time":1.205711781},
{"learn":[0.2333151628],"iteration":451,"passed_time":0.9923041636,"remaining_time":1.20305903},
{"learn":[0.2332719871],"iteration":452,"passed_time":0.9944970432,"remaining_time":1.200860668},
{"learn":[0.233220005],"iteration":453,"passed_time":0.9964965207,"remaining_time":1.198429736},
{"learn":[0.2331374514],"iteration":454,"passed_time":0.9987409875,"remaining_time":1.19629415},
{"learn":[0.2330912251],"iteration":455,"passed_time":1.000988476,"remaining_time":1.19416169},
{"learn":[0.2330383518],"iteration":456,"passed_time":1.003207658,"remaining_time":1.191995095},
{"learn":[0.2330332678],"iteration":457,"passed_time":1.00522373,"remaining_time":1.189587908},
{"learn":[0.2329530951],"iteration":458,"passed_time":1.007312949,"remaining_time":1.187268639},
{"learn":[0.2328909153],"iteration":459,"passed_time":1.009533278,"remaining_time":1.185104283},
{"learn":[0.2328865462],"iteration":460,"passed_time":1.010981028,"remaining_time":1.182036386},
{"learn":[0.2327753062],"iteration":461,"passed_time":1.013454131,"remaining_time":1.180169529},
{"learn":[0.2327149602],"iteration":462,"passed_time":1.015636957,"remaining_time":1.177963383},
{"learn":[0.2327118399],"iteration":463,"passed_time":1.01696775,"remaining_time":1.174773091},
{"learn":[0.2326957024],"iteration":464,"passed_time":1.018981494,"remaining_time":1.172376558},
{"learn":[0.2326909251],"iteration":465,"passed_time":1.020927506,"remaining_time":1.169904052},
{"learn":[0.2326448082],"iteration":466,"passed_time":1.022921306,"remaining_time":1.167488343},
{"learn":[0.2325762156],"iteration":467,"passed_time":1.025180869,"remaining_time":1.165376543},
{"learn":[0.2325602341],"iteration":468,"passed_time":1.027208726,"remaining_time":1.163001777},
{"learn":[0.2325556259],"iteration":469,"passed_time":1.029267622,"remaining_time":1.160663488},
{"learn":[0.2325283605],"iteration":470,"passed_time":1.031346204,"remaining_time":1.158348497},
{"learn":[0.2324652087],"iteration":471,"passed_time":1.033384638,"remaining_time":1.155989595},
{"learn":[0.2324608056],"iteration":472,"passed_time":1.035333516,"remaining_time":1.153532269},
{"learn":[0.2324135266],"iteration":473,"passed_time":1.037403973,"remaining_time":1.151212004},
{"learn":[0.2323192845],"iteration":474,"passed_time":1.039495429,"remaining_time":1.148916},
{"learn":[0.232249223],"iteration":475,"passed_time":1.041836987,"remaining_time":1.146896179},
{"learn":[0.2321764193],"iteration":476,"passed_time":1.044068016,"remaining_time":1.144753821},
{"learn":[0.2321423725],"iteration":477,"passed_time":1.046111858,"remaining_time":1.142406674},
{"learn":[0.2320774012],"iteration":478,"passed_time":1.048157748,"remaining_time":1.140063021},
{"learn":[0.2320190969],"iteration":479,"passed_time":1.050279878,"remaining_time":1.137803201},
{"learn":[0.2319283219],"iteration":480,"passed_time":1.052384825,"remaining_time":1.135525414},
{"learn":[0.231856417],"iteration":481,"passed_time":1.05468338,"remaining_time":1.133456412},
{"learn":[0.231852572],"iteration":482,"passed_time":1.056678323,"remaining_time":1.131061477},
{"learn":[0.2317937449],"iteration":483,"passed_time":1.059234374,"remaining_time":1.129266399},
{"learn":[0.2316908401],"iteration":484,"passed_time":1.061282007,"remaining_time":1.126928316},
{"learn":[0.2315417344],"iteration":485,"passed_time":1.063303297,"remaining_time":1.124563569},
{"learn":[0.231394074],"iteration":486,"passed_time":1.065373674,"remaining_time":1.12225194},
{"learn":[0.2313361039],"iteration":487,"passed_time":1.067428884,"remaining_time":1.119925386},
{"learn":[0.2312801925],"iteration":488,"passed_time":1.069448857,"remaining_time":1.11756312},
{"learn":[0.2312257597],"iteration":489,"passed_time":1.071509543,"remaining_time":1.115244627},
{"learn":[0.2311904319],"iteration":490,"passed_time":1.073892092,"remaining_time":1.113260845},
{"learn":[0.2311220487],"iteration":491,"passed_time":1.075978978,"remaining_time":1.110970164},
{"learn":[0.231089109],"iteration":492,"passed_time":1.07806335,"remaining_time":1.108677725},
{"learn":[0.2310758377],"iteration":493,"passed_time":1.080047657,"remaining_time":1.106283632},
{"learn":[0.2309939555],"iteration":494,"passed_time":1.082100042,"remaining_time":1.103960649},
{"learn":[0.230898475],"iteration":495,"passed_time":1.084064071,"remaining_time":1.101548975},
{"learn":[0.230848156],"iteration":496,"passed_time":1.086108507,"remaining_time":1.099220481},
{"learn":[0.2307931326],"iteration":497,"passed_time":1.08872944,"remaining_time":1.097474255},
{"learn":[0.2307809096],"iteration":498,"passed_time":1.090610138,"remaining_time":1.094981321},
{"learn":[0.2307386134],"iteration":499,"passed_time":1.092527381,"remaining_time":1.092527381},
{"learn":[0.2306652992],"iteration":500,"passed_time":1.09449016,"remaining_time":1.090120938},
{"learn":[0.2305869745],"iteration":501,"passed_time":1.096485245,"remaining_time":1.08774831},
{"learn":[0.2304571671],"iteration":502,"passed_time":1.098470192,"remaining_time":1.085367168},
{"learn":[0.2304048392],"iteration":503,"passed_time":1.100481967,"remaining_time":1.083014},
{"learn":[0.23037188],"iteration":504,"passed_time":1.102468446,"remaining_time":1.080637388},
{"learn":[0.2303168825],"iteration":505,"passed_time":1.104948517,"remaining_time":1.078744204},
{"learn":[0.2303130295],"iteration":506,"passed_time":1.106823022,"remaining_time":1.076259861},
{"learn":[0.2303009516],"iteration":507,"passed_time":1.108689673,"remaining_time":1.073770313},
{"learn":[0.2302479474],"iteration":508,"passed_time":1.110656264,"remaining_time":1.071379618},
{"learn":[0.2301977354],"iteration":509,"passed_time":1.112633809,"remaining_time":1.069001111},
{"learn":[0.230091413],"iteration":510,"passed_time":1.114569668,"remaining_time":1.066584281},
{"learn":[0.2300328203],"iteration":511,"passed_time":1.11660874,"remaining_time":1.064267705},
{"learn":[0.2299697243],"iteration":512,"passed_time":1.118947716,"remaining_time":1.062236916},
{"learn":[0.2298793571],"iteration":513,"passed_time":1.121013186,"remaining_time":1.05994632},
{"learn":[0.2298757692],"iteration":514,"passed_time":1.122954656,"remaining_time":1.057539822},
{"learn":[0.2297653481],"iteration":515,"passed_time":1.125022168,"remaining_time":1.055253351},
{"learn":[0.2296833234],"iteration":516,"passed_time":1.127104687,"remaining_time":1.052981748},
{"learn":[0.2296310143],"iteration":517,"passed_time":1.129163373,"remaining_time":1.050688699},
{"learn":[0.2295675293],"iteration":518,"passed_time":1.131353164,"remaining_time":1.048518058},
{"learn":[0.2294885765],"iteration":519,"passed_time":1.13395387,"remaining_time":1.046726649},
{"learn":[0.2294431956],"iteration":520,"passed_time":1.13648438,"remaining_time":1.044867597},
{"learn":[0.2293743909],"iteration":521,"passed_time":1.138627199,"remaining_time":1.04265096},
{"learn":[0.2292702753],"iteration":522,"passed_time":1.140925793,"remaining_time":1.040576679},
{"learn":[0.2291937127],"iteration":523,"passed_time":1.14304171,"remaining_time":1.038335599},
{"learn":[0.2291336888],"iteration":524,"passed_time":1.145378546,"remaining_time":1.036294875},
{"learn":[0.2290708014],"iteration":525,"passed_time":1.147889428,"remaining_time":1.034409865},
{"learn":[0.2290363898],"iteration":526,"passed_time":1.150458318,"remaining_time":1.032574544},
{"learn":[0.2289842523],"iteration":527,"passed_time":1.152768492,"remaining_time":1.030505167},
{"learn":[0.2288969665],"iteration":528,"passed_time":1.154998266,"remaining_time":1.028363296},
{"learn":[0.2287873401],"iteration":529,"passed_time":1.157121304,"remaining_time":1.026126439},
{"learn":[0.2287402361],"iteration":530,"passed_time":1.159444134,"remaining_time":1.024066476},
{"learn":[0.228683675],"iteration":531,"passed_time":1.16207787,"remaining_time":1.022279029},
{"learn":[0.2286413154],"iteration":532,"passed_time":1.165482381,"remaining_time":1.021163738},
{"learn":[0.2286048114],"iteration":533,"passed_time":1.167740352,"remaining_time":1.019039333},
{"learn":[0.2285275473],"iteration":534,"passed_time":1.169853361,"remaining_time":1.016788435},
{"learn":[0.2284567679],"iteration":535,"passed_time":1.171967531,"remaining_time":1.014539057},
{"learn":[0.2284252675],"iteration":536,"passed_time":1.174147606,"remaining_time":1.012347005},
{"learn":[0.2283922573],"iteration":537,"passed_time":1.176563569,"remaining_time":1.010357563},
{"learn":[0.2283294671],"iteration":538,"passed_time":1.178867895,"remaining_time":1.008271057},
{"learn":[0.2282590844],"iteration":539,"passed_time":1.181400544,"remaining_time":1.006378241},
{"learn":[0.2282387198],"iteration":540,"passed_time":1.183498992,"remaining_time":1.004114671},
{"learn":[0.2281632496],"iteration":541,"passed_time":1.185798001,"remaining_time":1.002021189},
{"learn":[0.2281148852],"iteration":542,"passed_time":1.188177587,"remaining_time":0.9999947644},
{"learn":[0.2280824401],"iteration":543,"passed_time":1.190521625,"remaining_time":0.9979372447},
{"learn":[0.2280489265],"iteration":544,"passed_time":1.192767264,"remaining_time":0.995796523},
{"learn":[0.227994231],"iteration":545,"passed_time":1.195851371,"remaining_time":0.9943526053},
{"learn":[0.2279578878],"iteration":546,"passed_time":1.19800452,"remaining_time":0.9921317143},
{"learn":[0.2278619585],"iteration":547,"passed_time":1.200236509,"remaining_time":0.989976099},
{"learn":[0.2277603224],"iteration":548,"passed_time":1.202583634,"remaining_time":0.9879147889},
{"learn":[0.2277433308],"iteration":549,"passed_time":1.205379821,"remaining_time":0.9862198538},
{"learn":[0.2277220134],"iteration":550,"passed_time":1.207573616,"remaining_time":0.9840300431},
{"learn":[0.2276474352],"iteration":551,"passed_time":1.210194125,"remaining_time":0.9821865359},
{"learn":[0.227588221],"iteration":552,"passed_time":1.212668342,"remaining_time":0.980221969},
{"learn":[0.2274905639],"iteration":553,"passed_time":1.215039516,"remaining_time":0.9781726069},
{"learn":[0.2274384506],"iteration":554,"passed_time":1.217288981,"remaining_time":0.9760244979},
{"learn":[0.2273863543],"iteration":555,"passed_time":1.219564838,"remaining_time":0.9738971012},
{"learn":[0.2273056492],"iteration":556,"passed_time":1.221779257,"remaining_time":0.971720307},
{"learn":[0.227240623],"iteration":557,"passed_time":1.224086129,"remaining_time":0.969616611},
{"learn":[0.2272373026],"iteration":558,"passed_time":1.226631031,"remaining_time":0.9676999726},
{"learn":[0.2271954493],"iteration":559,"passed_time":1.228939461,"remaining_time":0.9655952912},
{"learn":[0.2271577334],"iteration":560,"passed_time":1.231330529,"remaining_time":0.9635545491},
{"learn":[0.2271163724],"iteration":561,"passed_time":1.233859163,"remaining_time":0.9616197745},
{"learn":[0.2270483745],"iteration":562,"passed_time":1.236280244,"remaining_time":0.9595994082},
{"learn":[0.2270089256],"iteration":563,"passed_time":1.238633825,"remaining_time":0.9575254394},
{"learn":[0.226948552],"iteration":564,"passed_time":1.242060952,"remaining_time":0.9562770158},
{"learn":[0.2269000512],"iteration":565,"passed_time":1.244338238,"remaining_time":0.954139214},
{"learn":[0.2268301943],"iteration":566,"passed_time":1.246709191,"remaining_time":0.9520724513},
{"learn":[0.2267741399],"iteration":567,"passed_time":1.249002479,"remaining_time":0.9499455472},
{"learn":[0.2267089732],"iteration":568,"passed_time":1.251273614,"remaining_time":0.947801279},
{"learn":[0.2266760282],"iteration":569,"passed_time":1.253585301,"remaining_time":0.9456871572},
{"learn":[0.2265889352],"iteration":570,"passed_time":1.256608884,"remaining_time":0.9441071998},
{"learn":[0.2265648795],"iteration":571,"passed_time":1.258874064,"remaining_time":0.9419547196},
{"learn":[0.226480918],"iteration":572,"passed_time":1.261269493,"remaining_time":0.9398989067},
{"learn":[0.2264399891],"iteration":573,"passed_time":1.263833543,"remaining_time":0.9379670545},
{"learn":[0.2264197227],"iteration":574,"passed_time":1.265976968,"remaining_time":0.9357221068},
{"learn":[0.2263406001],"iteration":575,"passed_time":1.268351539,"remaining_time":0.9336476608},
{"learn":[0.2262835199],"iteration":576,"passed_time":1.271151208,"remaining_time":0.9318838146},
{"learn":[0.2261898811],"iteration":577,"passed_time":1.273634606,"remaining_time":0.9298854739},
{"learn":[0.2261318105],"iteration":578,"passed_time":1.276086809,"remaining_time":0.9278627749},
{"learn":[0.2261019283],"iteration":579,"passed_time":1.278677338,"remaining_time":0.925938762},
{"learn":[0.2260435377],"iteration":580,"passed_time":1.281057827,"remaining_time":0.92386098},
{"learn":[0.2259746299],"iteration":581,"passed_time":1.283273482,"remaining_time":0.9216637721},
{"learn":[0.2259581818],"iteration":582,"passed_time":1.285762028,"remaining_time":0.9196616911},
{"learn":[0.2259552355],"iteration":583,"passed_time":1.287732183,"remaining_time":0.9172886785},
{"learn":[0.225887373],"iteration":584,"passed_time":1.290268224,"remaining_time":0.9153184835},
{"learn":[0.2258566057],"iteration":585,"passed_time":1.292461854,"remaining_time":0.9131044499},
{"learn":[0.2258029847],"iteration":586,"passed_time":1.294817584,"remaining_time":0.911004535},
{"learn":[0.2257403116],"iteration":587,"passed_time":1.297100331,"remaining_time":0.9088526132},
{"learn":[0.2256768896],"iteration":588,"passed_time":1.299458618,"remaining_time":0.9067529577},
{"learn":[0.2255634383],"iteration":589,"passed_time":1.302226155,"remaining_time":0.9049368195},
{"learn":[0.22553028],"iteration":590,"passed_time":1.304424049,"remaining_time":0.9027232424},
{"learn":[0.2254233339],"iteration":591,"passed_time":1.306739064,"remaining_time":0.9005904359},
{"learn":[0.2253538667],"iteration":592,"passed_time":1.308890652,"remaining_time":0.8983448488},
{"learn":[0.2253367304],"iteration":593,"passed_time":1.310933802,"remaining_time":0.8960254607},
{"learn":[0.2252575658],"iteration":594,"passed_time":1.313189392,"remaining_time":0.8938516028},
{"learn":[0.2252060725],"iteration":595,"passed_time":1.315704621,"remaining_time":0.8918534679},
{"learn":[0.2251156671],"iteration":596,"passed_time":1.318158727,"remaining_time":0.8898123402},
{"learn":[0.2251103794],"iteration":597,"passed_time":1.319634577,"remaining_time":0.8871122075},
{"learn":[0.225083324],"iteration":598,"passed_time":1.321611585,"remaining_time":0.8847516619},
{"learn":[0.2250252255],"iteration":599,"passed_time":1.32366607,"remaining_time":0.8824440464},
{"learn":[0.2249405315],"iteration":600,"passed_time":1.325698789,"remaining_time":0.8801228236},
{"learn":[0.2249268276],"iteration":601,"passed_time":1.327813711,"remaining_time":0.8778569052},
{"learn":[0.224853981],"iteration":602,"passed_time":1.33000271,"remaining_time":0.8756402587},
{"learn":[0.2248182716],"iteration":603,"passed_time":1.333023651,"remaining_time":0.8739691489},
{"learn":[0.2247557067],"iteration":604,"passed_time":1.335088808,"remaining_time":0.8716695521},
{"learn":[0.2247168177],"iteration":605,"passed_time":1.33711805,"remaining_time":0.869347379},
{"learn":[0.2246882298],"iteration":606,"passed_time":1.339150108,"remaining_time":0.8670279944},
{"learn":[0.2246851986],"iteration":607,"passed_time":1.341087852,"remaining_time":0.8646487467},
{"learn":[0.2246479836],"iteration":608,"passed_time":1.343349796,"remaining_time":0.8624790974},
{"learn":[0.2245980422],"iteration":609,"passed_time":1.345691198,"remaining_time":0.8603599465},
{"learn":[0.2245232544],"iteration":610,"passed_time":1.348881675,"remaining_time":0.858780641},
{"learn":[0.2244591997],"iteration":611,"passed_time":1.35102057,"remaining_time":0.8565293809},
{"learn":[0.2244038848],"iteration":612,"passed_time":1.353115926,"remaining_time":0.8542510005},
{"learn":[0.2243489206],"iteration":613,"passed_time":1.355202906,"remaining_time":0.8519679506},
{"learn":[0.2242995298],"iteration":614,"passed_time":1.357352519,"remaining_time":0.8497247479},
{"learn":[0.2242405167],"iteration":615,"passed_time":1.359641897,"remaining_time":0.8475689748},
{"learn":[0.2242104412],"iteration":616,"passed_time":1.361665344,"remaining_time":0.8452476931},
{"learn":[0.2241828861],"iteration":617,"passed_time":1.363873129,"remaining_time":0.8430413192},
{"learn":[0.2241295056],"iteration":618,"passed_time":1.365907748,"remaining_time":0.8407283554},
{"learn":[0.2240880507],"iteration":619,"passed_time":1.367964299,"remaining_time":0.8384297315},
{"learn":[0.224061043],"iteration":620,"passed_time":1.370006827,"remaining_time":0.8361233293},
{"learn":[0.2240044629],"iteration":621,"passed_time":1.372090019,"remaining_time":0.8338424876},
{"learn":[0.2239537268],"iteration":622,"passed_time":1.37432853,"remaining_time":0.8316562695},
{"learn":[0.2238943331],"iteration":623,"passed_time":1.376599798,"remaining_time":0.829489622},
{"learn":[0.22387445],"iteration":624,"passed_time":1.37997245,"remaining_time":0.8279834702},
{"learn":[0.2238124494],"iteration":625,"passed_time":1.382156564,"remaining_time":0.8257612701},
{"learn":[0.2237693936],"iteration":626,"passed_time":1.384347715,"remaining_time":0.8235433773},
{"learn":[0.2237291345],"iteration":627,"passed_time":1.386468257,"remaining_time":0.8212837443},
{"learn":[0.2236614697],"iteration":628,"passed_time":1.388603093,"remaining_time":0.8190329852},
{"learn":[0.2235993999],"iteration":629,"passed_time":1.390861351,"remaining_time":0.8168550792},
{"learn":[0.2235671894],"iteration":630,"passed_time":1.393166763,"remaining_time":0.8147044936},
{"learn":[0.2234958784],"iteration":631,"passed_time":1.39531905,"remaining_time":0.8124642567},
{"learn":[0.2234598951],"iteration":632,"passed_time":1.397320115,"remaining_time":0.8101366228},
{"learn":[0.2234545116],"iteration":633,"passed_time":1.399350021,"remaining_time":0.8078266681},
{"learn":[0.2234531264],"iteration":634,"passed_time":1.400283452,"remaining_time":0.8048873385},
{"learn":[0.2234030082],"iteration":635,"passed_time":1.402356892,"remaining_time":0.8026067749},
{"learn":[0.2233041995],"iteration":636,"passed_time":1.404382202,"remaining_time":0.800299434},
{"learn":[0.223276907],"iteration":637,"passed_time":1.406498102,"remaining_time":0.7980443777},
{"learn":[0.2231911401],"iteration":638,"passed_time":1.408968467,"remaining_time":0.7959900102},
{"learn":[0.2230870432],"iteration":639,"passed_time":1.411235809,"remaining_time":0.7938201425},
{"learn":[0.2230191871],"iteration":640,"passed_time":1.413358595,"remaining_time":0.7915690105},
{"learn":[0.222991994],"iteration":641,"passed_time":1.415500868,"remaining_time":0.7893291445},
{"learn":[0.2229885855],"iteration":642,"passed_time":1.417351399,"remaining_time":0.7869276044},
{"learn":[0.2229523663],"iteration":643,"passed_time":1.419299229,"remaining_time":0.7845815611},
{"learn":[0.2229016368],"iteration":644,"passed_time":1.421311241,"remaining_time":0.7822720782},
{"learn":[0.2228569308],"iteration":645,"passed_time":1.42383175,"remaining_time":0.7802421666},
{"learn":[0.2227885444],"iteration":646,"passed_time":1.425884217,"remaining_time":0.7779553765},
{"learn":[0.2227599274],"iteration":647,"passed_time":1.427919025,"remaining_time":0.7756597171},
{"learn":[0.222710404],"iteration":648,"passed_time":1.430194733,"remaining_time":0.7734951483},
{"learn":[0.2226507457],"iteration":649,"passed_time":1.432190161,"remaining_time":0.7711793175},
{"learn":[0.2226229922],"iteration":650,"passed_time":1.434236984,"remaining_time":0.7688920237},
{"learn":[0.2225830806],"iteration":651,"passed_time":1.436216071,"remaining_time":0.7665693141},
{"learn":[0.222505328],"iteration":652,"passed_time":1.438638979,"remaining_time":0.7644835003},
{"learn":[0.2225025591],"iteration":653,"passed_time":1.441509024,"remaining_time":0.7626332145},
{"learn":[0.222465635],"iteration":654,"passed_time":1.443604685,"remaining_time":0.7603719333},
{"learn":[0.222430609],"iteration":655,"passed_time":1.445639034,"remaining_time":0.7580790056},
{"learn":[0.2224245887],"iteration":656,"passed_time":1.447427558,"remaining_time":0.7556585273},
{"learn":[0.2223911624],"iteration":657,"passed_time":1.449434418,"remaining_time":0.7533534511},
{"learn":[0.2223388434],"iteration":658,"passed_time":1.451420722,"remaining_time":0.7510386439},
{"learn":[0.2223044877],"iteration":659,"passed_time":1.45374234,"remaining_time":0.7488975693},
{"learn":[0.2222650379],"iteration":660,"passed_time":1.456004258,"remaining_time":0.7467253303},
{"learn":[0.2221968959],"iteration":661,"passed_time":1.458028936,"remaining_time":0.7444316926},
{"learn":[0.2221637274],"iteration":662,"passed_time":1.460078884,"remaining_time":0.7421517103},
{"learn":[0.2221379879],"iteration":663,"passed_time":1.462160909,"remaining_time":0.7398886528},
{"learn":[0.2220843438],"iteration":664,"passed_time":1.464126767,"remaining_time":0.7375676196},
{"learn":[0.2220422654],"iteration":665,"passed_time":1.466197968,"remaining_time":0.7353004825},
{"learn":[0.221954446],"iteration":666,"passed_time":1.468448166,"remaining_time":0.7331232973},
{"learn":[0.221855445],"iteration":667,"passed_time":1.470876152,"remaining_time":0.7310342551},
{"learn":[0.2217971558],"iteration":668,"passed_time":1.472903108,"remaining_time":0.7287457831},
{"learn":[0.2217181184],"iteration":669,"passed_time":1.475006885,"remaining_time":0.7264959283},
{"learn":[0.2216828164],"iteration":670,"passed_time":1.477007085,"remaining_time":0.7241957242},
{"learn":[0.2216094921],"iteration":671,"passed_time":1.479025665,"remaining_time":0.721905384},
{"learn":[0.2216072258],"iteration":672,"passed_time":1.480955931,"remaining_time":0.7195729412},
{"learn":[0.2215605645],"iteration":673,"passed_time":1.483082481,"remaining_time":0.7173366302},
{"learn":[0.2215075557],"iteration":674,"passed_time":1.485479637,"remaining_time":0.7152309365},
{"learn":[0.2214951764],"iteration":675,"passed_time":1.487462421,"remaining_time":0.7129257756},
{"learn":[0.2214916707],"iteration":676,"passed_time":1.48932393,"remaining_time":0.7105637068},
{"learn":[0.2214392958],"iteration":677,"passed_time":1.491380862,"remaining_time":0.7082959258},
{"learn":[0.2214013074],"iteration":678,"passed_time":1.493383539,"remaining_time":0.7060031164},
{"learn":[0.2213365991],"iteration":679,"passed_time":1.495397731,"remaining_time":0.7037165793},
{"learn":[0.2212633313],"iteration":680,"passed_time":1.497589981,"remaining_time":0.7015142497},
{"learn":[0.2212619097],"iteration":681,"passed_time":1.499960496,"remaining_time":0.6993950699},
{"learn":[0.2211901742],"iteration":682,"passed_time":1.502054062,"remaining_time":0.6971466143},
{"learn":[0.2211319528],"iteration":683,"passed_time":1.504175041,"remaining_time":0.6949112764},
{"learn":[0.221060532],"iteration":684,"passed_time":1.506373482,"remaining_time":0.6927118931},
{"learn":[0.2210200775],"iteration":685,"passed_time":1.508439307,"remaining_time":0.690451811},
{"learn":[0.2209633351],"iteration":686,"passed_time":1.510645433,"remaining_time":0.6882562164},
{"learn":[0.220947803],"iteration":687,"passed_time":1.512856523,"remaining_time":0.686062842},
{"learn":[0.2209306825],"iteration":688,"passed_time":1.515442204,"remaining_time":0.6840384987},
{"learn":[0.2209089483],"iteration":689,"passed_time":1.517686928,"remaining_time":0.6818593445},
{"learn":[0.22085525],"iteration":690,"passed_time":1.520009627,"remaining_time":0.6797148695},
{"learn":[0.2207924602],"iteration":691,"passed_time":1.522249054,"remaining_time":0.677532816},
{"learn":[0.2207775699],"iteration":692,"passed_time":1.524762469,"remaining_time":0.6754719739},
{"learn":[0.2207079208],"iteration":693,"passed_time":1.527031686,"remaining_time":0.6733021556},
{"learn":[0.2206409574],"iteration":694,"passed_time":1.52948111,"remaining_time":0.6712111344},
{"learn":[0.2205817679],"iteration":695,"passed_time":1.532048753,"remaining_time":0.6691707198},
{"learn":[0.2205367552],"iteration":696,"passed_time":1.53422759,"remaining_time":0.66695977},
{"learn":[0.2204794256],"iteration":697,"passed_time":1.536565876,"remaining_time":0.6648179003},
{"learn":[0.220419894],"iteration":698,"passed_time":1.53871013,"remaining_time":0.6625919156},
{"learn":[0.220383959],"iteration":699,"passed_time":1.540920626,"remaining_time":0.6603945539},
{"learn":[0.2203034231],"iteration":700,"passed_time":1.543172329,"remaining_time":0.6582147309},
{"learn":[0.2202945344],"iteration":701,"passed_time":1.545695536,"remaining_time":0.6561499567},
{"learn":[0.2201913769],"iteration":702,"passed_time":1.547887074,"remaining_time":0.6539437567},
{"learn":[0.2201884256],"iteration":703,"passed_time":1.549824575,"remaining_time":0.651630787},
{"learn":[0.2201551905],"iteration":704,"passed_time":1.551889017,"remaining_time":0.6493720001},
{"learn":[0.2201062134],"iteration":705,"passed_time":1.553989597,"remaining_time":0.6471288122},
{"learn":[0.220059662],"iteration":706,"passed_time":1.556098816,"remaining_time":0.6448896085},
{"learn":[0.2199588293],"iteration":707,"passed_time":1.558472978,"remaining_time":0.6427600419},
{"learn":[0.2198775999],"iteration":708,"passed_time":1.560854702,"remaining_time":0.640632889},
{"learn":[0.2198088837],"iteration":709,"passed_time":1.563028122,"remaining_time":0.6384199372},
{"learn":[0.2197658346],"iteration":710,"passed_time":1.565196699,"remaining_time":0.6362051279},
{"learn":[0.2197323743],"iteration":711,"passed_time":1.567383122,"remaining_time":0.6339976675},
{"learn":[0.2196797385],"iteration":712,"passed_time":1.569475269,"remaining_time":0.6317523174},
{"learn":[0.2196372813],"iteration":713,"passed_time":1.571781852,"remaining_time":0.6295932909},
{"learn":[0.2195767926],"iteration":714,"passed_time":1.574039295,"remaining_time":0.6274142642},
{"learn":[0.2195176601],"iteration":715,"passed_time":1.576437404,"remaining_time":0.6252908138},
{"learn":[0.2194787754],"iteration":716,"passed_time":1.578468483,"remaining_time":0.6230217304},
{"learn":[0.2194401482],"iteration":717,"passed_time":1.580469092,"remaining_time":0.6207413427},
{"learn":[0.219369569],"iteration":718,"passed_time":1.582545381,"remaining_time":0.6184913104},
{"learn":[0.2193069735],"iteration":719,"passed_time":1.584579025,"remaining_time":0.6162251763},
{"learn":[0.2192733318],"iteration":720,"passed_time":1.586630024,"remaining_time":0.6139664032},
{"learn":[0.2192418255],"iteration":721,"passed_time":1.588595426,"remaining_time":0.6116752472},
{"learn":[0.2192172356],"iteration":722,"passed_time":1.590956429,"remaining_time":0.6095365574},
{"learn":[0.2192128099],"iteration":723,"passed_time":1.593030093,"remaining_time":0.6072877149},
{"learn":[0.2191805873],"iteration":724,"passed_time":1.595109525,"remaining_time":0.6050415438},
{"learn":[0.2191115245],"iteration":725,"passed_time":1.597218165,"remaining_time":0.6028068555},
{"learn":[0.2190550835],"iteration":726,"passed_time":1.599311353,"remaining_time":0.6005667117},
{"learn":[0.2190521977],"iteration":727,"passed_time":1.601182199,"remaining_time":0.5982438984},
{"learn":[0.2189634725],"iteration":728,"passed_time":1.603288433,"remaining_time":0.5960098291},
{"learn":[0.2189346244],"iteration":729,"passed_time":1.605520417,"remaining_time":0.59382262},
{"learn":[0.2188861794],"iteration":730,"passed_time":1.607824886,"remaining_time":0.5916619621},
{"learn":[0.2188749627],"iteration":731,"passed_time":1.609706117,"remaining_time":0.5893459555},
{"learn":[0.2188728446],"iteration":732,"passed_time":1.61157222,"remaining_time":0.5870256243},
{"learn":[0.218844374],"iteration":733,"passed_time":1.61388383,"remaining_time":0.5848679819},
{"learn":[0.2188037551],"iteration":734,"passed_time":1.616063091,"remaining_time":0.582662203},
{"learn":[0.2187511401],"iteration":735,"passed_time":1.618159571,"remaining_time":0.5804268027},
{"learn":[0.2187278947],"iteration":736,"passed_time":1.620382224,"remaining_time":0.5782368046},
{"learn":[0.2186593019],"iteration":737,"passed_time":1.622850098,"remaining_time":0.5761337745},
{"learn":[0.218626721],"iteration":738,"passed_time":1.624983104,"remaining_time":0.5739114885},
{"learn":[0.2185756],"iteration":739,"passed_time":1.62740035,"remaining_time":0.571789312},
{"learn":[0.2185323109],"iteration":740,"passed_time":1.629559124,"remaining_time":0.5695759963},
{"learn":[0.2185228272],"iteration":741,"passed_time":1.631720523,"remaining_time":0.5673637399},
{"learn":[0.2184768709],"iteration":742,"passed_time":1.634061454,"remaining_time":0.5652137196},
{"learn":[0.218411464],"iteration":743,"passed_time":1.636396387,"remaining_time":0.5630611224},
{"learn":[0.2183632086],"iteration":744,"passed_time":1.638711431,"remaining_time":0.5609012282},
{"learn":[0.2182657172],"iteration":745,"passed_time":1.640926198,"remaining_time":0.5587067753},
{"learn":[0.2182223112],"iteration":746,"passed_time":1.643226553,"remaining_time":0.5565412555},
{"learn":[0.2182011724],"iteration":747,"passed_time":1.645245212,"remaining_time":0.5542804726},
{"learn":[0.2181433376],"iteration":748,"passed_time":1.647538801,"remaining_time":0.5521124686},
{"learn":[0.2181235161],"iteration":749,"passed_time":1.649793139,"remaining_time":0.5499310463},
{"learn":[0.218065637],"iteration":750,"passed_time":1.652488202,"remaining_time":0.5478955558},
{"learn":[0.2180294918],"iteration":751,"passed_time":1.654699648,"remaining_time":0.54569882},
{"learn":[0.2179545388],"iteration":752,"passed_time":1.657093418,"remaining_time":0.5435618517},
{"learn":[0.2179125451],"iteration":753,"passed_time":1.659292371,"remaining_time":0.541360641},
{"learn":[0.217847877],"iteration":754,"passed_time":1.661450178,"remaining_time":0.5391460844},
{"learn":[0.2177491374],"iteration":755,"passed_time":1.663924859,"remaining_time":0.5370339492},
{"learn":[0.217710393],"iteration":756,"passed_time":1.666139309,"remaining_time":0.5348373211},
{"learn":[0.2176935587],"iteration":757,"passed_time":1.668770788,"remaining_time":0.5327737873},
{"learn":[0.2176408218],"iteration":758,"passed_time":1.671135808,"remaining_time":0.5306241498},
{"learn":[0.2176115319],"iteration":759,"passed_time":1.673609705,"remaining_time":0.528508328},
{"learn":[0.217561735],"iteration":760,"passed_time":1.676143196,"remaining_time":0.5264102811},
{"learn":[0.2175239428],"iteration":761,"passed_time":1.678622308,"remaining_time":0.5242941068},
{"learn":[0.217504191],"iteration":762,"passed_time":1.681457362,"remaining_time":0.5222875423},
{"learn":[0.2174739404],"iteration":763,"passed_time":1.684008654,"remaining_time":0.520191155},
{"learn":[0.2174097119],"iteration":764,"passed_time":1.686942801,"remaining_time":0.5182111874},
{"learn":[0.2173933317],"iteration":765,"passed_time":1.689272473,"remaining_time":0.5160440715},
{"learn":[0.217334493],"iteration":766,"passed_time":1.691442646,"remaining_time":0.5138280788},
{"learn":[0.2173297258],"iteration":767,"passed_time":1.693348097,"remaining_time":0.5115322376},
{"learn":[0.2172628461],"iteration":768,"passed_time":1.695756613,"remaining_time":0.5093885274},
{"learn":[0.2172229518],"iteration":769,"passed_time":1.698316717,"remaining_time":0.5072894091},
{"learn":[0.2171839476],"iteration":770,"passed_time":1.700362294,"remaining_time":0.5050362714},
{"learn":[0.2171401709],"iteration":771,"passed_time":1.702424454,"remaining_time":0.5027885692},
{"learn":[0.217124843],"iteration":772,"passed_time":1.705316803,"remaining_time":0.5007851415},
{"learn":[0.2170695261],"iteration":773,"passed_time":1.707605691,"remaining_time":0.4986032122},
{"learn":[0.2170189136],"iteration":774,"passed_time":1.709917903,"remaining_time":0.4964277782},
{"learn":[0.216992806],"iteration":775,"passed_time":1.712178397,"remaining_time":0.4942370632},
{"learn":[0.2169248561],"iteration":776,"passed_time":1.714742532,"remaining_time":0.4921333136},
{"learn":[0.2168913445],"iteration":777,"passed_time":1.716972569,"remaining_time":0.4899330466},
{"learn":[0.2168582638],"iteration":778,"passed_time":1.719218011,"remaining_time":0.4877370737},
{"learn":[0.2168563621],"iteration":779,"passed_time":1.721308226,"remaining_time":0.485497192},
{"learn":[0.2167924428],"iteration":780,"passed_time":1.723496338,"remaining_time":0.4832851448},
{"learn":[0.2167528075],"iteration":781,"passed_time":1.725942266,"remaining_time":0.4811450307},
{"learn":[0.2166915521],"iteration":782,"passed_time":1.728272737,"remaining_time":0.4789721379},
{"learn":[0.2166519336],"iteration":783,"passed_time":1.730376295,"remaining_time":0.4767363263},
{"learn":[0.2166217471],"iteration":784,"passed_time":1.732759121,"remaining_time":0.474577339},
{"learn":[0.2165725505],"iteration":785,"passed_time":1.734893149,"remaining_time":0.4723500431},
{"learn":[0.2165599335],"iteration":786,"passed_time":1.736811229,"remaining_time":0.4700645385},
{"learn":[0.2165524568],"iteration":787,"passed_time":1.738934749,"remaining_time":0.4678352371},
{"learn":[0.2164904951],"iteration":788,"passed_time":1.741098928,"remaining_time":0.4656170772},
{"learn":[0.216441583],"iteration":789,"passed_time":1.743277275,"remaining_time":0.4634028199},
{"learn":[0.2163857254],"iteration":790,"passed_time":1.745365675,"remaining_time":0.4611648876},
{"learn":[0.2163801705],"iteration":791,"passed_time":1.747311029,"remaining_time":0.4588897652},
{"learn":[0.216359938],"iteration":792,"passed_time":1.749426243,"remaining_time":0.4566598138},
{"learn":[0.2163407364],"iteration":793,"passed_time":1.751617955,"remaining_time":0.4544499983},
{"learn":[0.2163037434],"iteration":794,"passed_time":1.754029565,"remaining_time":0.4522969319},
{"learn":[0.2162626805],"iteration":795,"passed_time":1.756354318,"remaining_time":0.4501209558},
{"learn":[0.216220887],"iteration":796,"passed_time":1.758694142,"remaining_time":0.4479484452},
{"learn":[0.2161725033],"iteration":797,"passed_time":1.760924846,"remaining_time":0.4457478934},
{"learn":[0.2161411099],"iteration":798,"passed_time":1.763026048,"remaining_time":0.443514688},
{"learn":[0.2160832825],"iteration":799,"passed_time":1.765148254,"remaining_time":0.4412870634},
{"learn":[0.2160407856],"iteration":800,"passed_time":1.767253246,"remaining_time":0.4390554257},
{"learn":[0.2159958013],"iteration":801,"passed_time":1.769605076,"remaining_time":0.4368850437},
{"learn":[0.2159057064],"iteration":802,"passed_time":1.771811933,"remaining_time":0.4346786435},
{"learn":[0.2158604742],"iteration":803,"passed_time":1.774303392,"remaining_time":0.4325416229},
{"learn":[0.2158249292],"iteration":804,"passed_time":1.776428698,"remaining_time":0.4303150263},
{"learn":[0.2157662733],"iteration":805,"passed_time":1.778555533,"remaining_time":0.428089049},
{"learn":[0.2156600193],"iteration":806,"passed_time":1.780684905,"remaining_time":0.425863924},
{"learn":[0.2156256472],"iteration":807,"passed_time":1.782850149,"remaining_time":0.4236475603},
{"learn":[0.2155886447],"iteration":808,"passed_time":1.784933438,"remaining_time":0.4214119735},
{"learn":[0.2155475557],"iteration":809,"passed_time":1.78714895,"remaining_time":0.4192077785},
{"learn":[0.2154543191],"iteration":810,"passed_time":1.789543828,"remaining_time":0.4170453558},
{"learn":[0.2154079014],"iteration":811,"passed_time":1.791713792,"remaining_time":0.4148302869},
{"learn":[0.2153942107],"iteration":812,"passed_time":1.793803721,"remaining_time":0.4125969197},
{"learn":[0.2153452318],"iteration":813,"passed_time":1.79601304,"remaining_time":0.4103911861},
{"learn":[0.2153006348],"iteration":814,"passed_time":1.798169539,"remaining_time":0.4081734537},
{"learn":[0.215284973],"iteration":815,"passed_time":1.800174901,"remaining_time":0.4059217915},
{"learn":[0.2152199932],"iteration":816,"passed_time":1.802313176,"remaining_time":0.4037005034},
{"learn":[0.2151805397],"iteration":817,"passed_time":1.80468459,"remaining_time":0.4015312901},
{"learn":[0.2151309175],"iteration":818,"passed_time":1.806728776,"remaining_time":0.3992892654},
{"learn":[0.215096261],"iteration":819,"passed_time":1.808937857,"remaining_time":0.3970839199},
{"learn":[0.215067275],"iteration":820,"passed_time":1.811104319,"remaining_time":0.3948692731},
{"learn":[0.2150473753],"iteration":821,"passed_time":1.813250385,"remaining_time":0.3926503266},
{"learn":[0.2150144557],"iteration":822,"passed_time":1.815450627,"remaining_time":0.390443209},
{"learn":[0.2149518183],"iteration":823,"passed_time":1.817669611,"remaining_time":0.3882401111},
{"learn":[0.214913359],"iteration":824,"passed_time":1.820046489,"remaining_time":0.3860704673},
{"learn":[0.2148964056],"iteration":825,"passed_time":1.822197498,"remaining_time":0.3838527416},
{"learn":[0.214864881],"iteration":826,"passed_time":1.824312501,"remaining_time":0.3816276453},
{"learn":[0.2148006335],"iteration":827,"passed_time":1.826547425,"remaining_time":0.3794277259},
{"learn":[0.2147728157],"iteration":828,"passed_time":1.828633522,"remaining_time":0.3771970232},
{"learn":[0.2146691089],"iteration":829,"passed_time":1.83089538,"remaining_time":0.3750026681},
{"learn":[0.2146287003],"iteration":830,"passed_time":1.833169292,"remaining_time":0.3728106021},
{"learn":[0.2146143588],"iteration":831,"passed_time":1.835395501,"remaining_time":0.3706087069},
{"learn":[0.2145965134],"iteration":832,"passed_time":1.837360645,"remaining_time":0.3683544151},
{"learn":[0.2145926954],"iteration":833,"passed_time":1.839214102,"remaining_time":0.3660785863},
{"learn":[0.2145550024],"iteration":834,"passed_time":1.841237669,"remaining_time":0.3638373836},
{"learn":[0.2144920179],"iteration":835,"passed_time":1.843217004,"remaining_time":0.3615880248},
{"learn":[0.2144669129],"iteration":836,"passed_time":1.845145749,"remaining_time":0.3593294589},
{"learn":[0.2144311373],"iteration":837,"passed_time":1.847274348,"remaining_time":0.3571103155},
{"learn":[0.214382763],"iteration":838,"passed_time":1.849965289,"remaining_time":0.3549992986},
{"learn":[0.2143769108],"iteration":839,"passed_time":1.851932074,"remaining_time":0.3527489664},
{"learn":[0.2143506302],"iteration":840,"passed_time":1.854006864,"remaining_time":0.3505197281},
{"learn":[0.2143059372],"iteration":841,"passed_time":1.856147352,"remaining_time":0.3483031848},
{"learn":[0.2142327509],"iteration":842,"passed_time":1.85826959,"remaining_time":0.346083423},
{"learn":[0.2142043177],"iteration":843,"passed_time":1.860643294,"remaining_time":0.3439103719},
{"learn":[0.214189447],"iteration":844,"passed_time":1.862808554,"remaining_time":0.3416986104},
{"learn":[0.214187644],"iteration":845,"passed_time":1.865108749,"remaining_time":0.3395115216},
{"learn":[0.2141767941],"iteration":846,"passed_time":1.867149189,"remaining_time":0.3372772442},
{"learn":[0.2141572948],"iteration":847,"passed_time":1.869244218,"remaining_time":0.3350532089},
{"learn":[0.2141465851],"iteration":848,"passed_time":1.871259563,"remaining_time":0.3328153051},
{"learn":[0.2141398147],"iteration":849,"passed_time":1.873119842,"remaining_time":0.3305505604},
{"learn":[0.214099299],"iteration":850,"passed_time":1.875333873,"remaining_time":0.3283487041},
{"learn":[0.2140583982],"iteration":851,"passed_time":1.877442951,"remaining_time":0.3261285878},
{"learn":[0.2140333208],"iteration":852,"passed_time":1.879731967,"remaining_time":0.323939741},
{"learn":[0.214022758],"iteration":853,"passed_time":1.881734713,"remaining_time":0.3217017191},
{"learn":[0.2139853007],"iteration":854,"passed_time":1.883782257,"remaining_time":0.3194718447},
{"learn":[0.2139149946],"iteration":855,"passed_time":1.885824544,"remaining_time":0.317241512},
{"learn":[0.2138599412],"iteration":856,"passed_time":1.887990001,"remaining_time":0.3150321706},
{"learn":[0.2138201689],"iteration":857,"passed_time":1.890123708,"remaining_time":0.3128176766},
{"learn":[0.213751346],"iteration":858,"passed_time":1.892274976,"remaining_time":0.3106062533},
{"learn":[0.213686906],"iteration":859,"passed_time":1.894475121,"remaining_time":0.3084029267},
{"learn":[0.2136533009],"iteration":860,"passed_time":1.896553707,"remaining_time":0.3061799829},
{"learn":[0.2136405622],"iteration":861,"passed_time":1.898562798,"remaining_time":0.3039462484},
{"learn":[0.2136381017],"iteration":862,"passed_time":1.900532733,"remaining_time":0.3017068186},
{"learn":[0.213600738],"iteration":863,"passed_time":1.902604322,"remaining_time":0.2994840136},
{"learn":[0.2135684327],"iteration":864,"passed_time":1.904708532,"remaining_time":0.2972666495},
{"learn":[0.2135315282],"iteration":865,"passed_time":1.90706861,"remaining_time":0.2950891383},
{"learn":[0.21348767],"iteration":866,"passed_time":1.909275741,"remaining_time":0.2928877435},
{"learn":[0.2134856476],"iteration":867,"passed_time":1.911717758,"remaining_time":0.2907220554},
{"learn":[0.2134815219],"iteration":868,"passed_time":1.913742096,"remaining_time":0.288492767},
{"learn":[0.2134449371],"iteration":869,"passed_time":1.915785382,"remaining_time":0.2862667812},
{"learn":[0.2134175697],"iteration":870,"passed_time":1.917836046,"remaining_time":0.2840423075},
{"learn":[0.2133762518],"iteration":871,"passed_time":1.919896603,"remaining_time":0.2818196849},
{"learn":[0.2133413257],"iteration":872,"passed_time":1.921919491,"remaining_time":0.2795919534},
{"learn":[0.2132969503],"iteration":873,"passed_time":1.924043705,"remaining_time":0.2773792985},
{"learn":[0.2132804493],"iteration":874,"passed_time":1.926548697,"remaining_time":0.2752212425},
{"learn":[0.2132722898],"iteration":875,"passed_time":1.928684922,"remaining_time":0.2730101944},
{"learn":[0.2132231083],"iteration":876,"passed_time":1.930813422,"remaining_time":0.2707982337},
{"learn":[0.2131849415],"iteration":877,"passed_time":1.932912115,"remaining_time":0.2685823213},
{"learn":[0.2131538592],"iteration":878,"passed_time":1.934889689,"remaining_time":0.2663500026},
{"learn":[0.2130956829],"iteration":879,"passed_time":1.937118459,"remaining_time":0.2641525172},
{"learn":[0.2130794437],"iteration":880,"passed_time":1.939340574,"remaining_time":0.2619540617},
{"learn":[0.2130150362],"iteration":881,"passed_time":1.941778663,"remaining_time":0.259784447},
{"learn":[0.2129773751],"iteration":882,"passed_time":1.943993503,"remaining_time":0.257584643},
{"learn":[0.2129499413],"iteration":883,"passed_time":1.946454478,"remaining_time":0.2554171035},
{"learn":[0.2128667749],"iteration":884,"passed_time":1.948642517,"remaining_time":0.2532134344},
{"learn":[0.2128604329],"iteration":885,"passed_time":1.950648622,"remaining_time":0.2509863915},
{"learn":[0.2128337472],"iteration":886,"passed_time":1.952889895,"remaining_time":0.2487898062},
{"learn":[0.2128088003],"iteration":887,"passed_time":1.95544057,"remaining_time":0.246632144},
{"learn":[0.2127607108],"iteration":888,"passed_time":1.957703504,"remaining_time":0.2444376704},
{"learn":[0.2127156286],"iteration":889,"passed_time":1.960152068,"remaining_time":0.242265986},
{"learn":[0.2126839462],"iteration":890,"passed_time":1.96292417,"remaining_time":0.2401332599},
{"learn":[0.21266361],"iteration":891,"passed_time":1.965183976,"remaining_time":0.2379370734},
{"learn":[0.2126275726],"iteration":892,"passed_time":1.967464864,"remaining_time":0.2357432704},
{"learn":[0.2125794718],"iteration":893,"passed_time":1.970162771,"remaining_time":0.2335987178},
{"learn":[0.2125489592],"iteration":894,"passed_time":1.972586206,"remaining_time":0.231420728},
{"learn":[0.2124956274],"iteration":895,"passed_time":1.974802487,"remaining_time":0.2292181458},
{"learn":[0.2124471863],"iteration":896,"passed_time":1.977062456,"remaining_time":0.2270205496},
{"learn":[0.2124083596],"iteration":897,"passed_time":1.979382838,"remaining_time":0.2248296765},
{"learn":[0.2123627273],"iteration":898,"passed_time":1.981683595,"remaining_time":0.2226363104},
{"learn":[0.2123337672],"iteration":899,"passed_time":1.984005888,"remaining_time":0.2204450987},
{"learn":[0.2123152873],"iteration":900,"passed_time":1.986525702,"remaining_time":0.2182752991},
{"learn":[0.2122589593],"iteration":901,"passed_time":1.988785984,"remaining_time":0.2160765259},
{"learn":[0.212219317],"iteration":902,"passed_time":1.991091219,"remaining_time":0.2138824454},
{"learn":[0.2121742915],"iteration":903,"passed_time":1.993261883,"remaining_time":0.2116738282},
{"learn":[0.212157032],"iteration":904,"passed_time":1.995431667,"remaining_time":0.2094652027},
{"learn":[0.2121137618],"iteration":905,"passed_time":1.997688016,"remaining_time":0.2072656441},
{"learn":[0.2120682372],"iteration":906,"passed_time":2.00020032,"remaining_time":0.2050922048},
{"learn":[0.2120266153],"iteration":907,"passed_time":2.002529227,"remaining_time":0.2028994371},
{"learn":[0.2119746515],"iteration":908,"passed_time":2.004814778,"remaining_time":0.2007020295},
{"learn":[0.2119509526],"iteration":909,"passed_time":2.007024392,"remaining_time":0.1984969179},
{"learn":[0.2119024764],"iteration":910,"passed_time":2.009307749,"remaining_time":0.1962990007},
{"learn":[0.2118379411],"iteration":911,"passed_time":2.011614664,"remaining_time":0.1941031693},
{"learn":[0.2118316725],"iteration":912,"passed_time":2.01370105,"remaining_time":0.1918860804},
{"learn":[0.2117573208],"iteration":913,"passed_time":2.016440431,"remaining_time":0.1897307189},
{"learn":[0.2117173085],"iteration":914,"passed_time":2.018665312,"remaining_time":0.1875262858},
{"learn":[0.2116563102],"iteration":915,"passed_time":2.02085354,"remaining_time":0.1853184469},
{"learn":[0.2116439886],"iteration":916,"passed_time":2.023074229,"remaining_time":0.1831135889},
{"learn":[0.2115889441],"iteration":917,"passed_time":2.025364006,"remaining_time":0.1809148676},
{"learn":[0.2115653687],"iteration":918,"passed_time":2.027589816,"remaining_time":0.1787103102},
{"learn":[0.2115328107],"iteration":919,"passed_time":2.029723255,"remaining_time":0.1764976743},
{"learn":[0.2114843087],"iteration":920,"passed_time":2.032232128,"remaining_time":0.1743174138},
{"learn":[0.2114773736],"iteration":921,"passed_time":2.034343221,"remaining_time":0.1721027888},
{"learn":[0.2114415041],"iteration":922,"passed_time":2.036532591,"remaining_time":0.1698949182},
{"learn":[0.2113548057],"iteration":923,"passed_time":2.038953965,"remaining_time":0.1677061702},
{"learn":[0.2113146099],"iteration":924,"passed_time":2.041184772,"remaining_time":0.165501468},
{"learn":[0.211309448],"iteration":925,"passed_time":2.043334142,"remaining_time":0.1632902014},
{"learn":[0.2112975953],"iteration":926,"passed_time":2.04538979,"remaining_time":0.1610716879},
{"learn":[0.2112635287],"iteration":927,"passed_time":2.047926847,"remaining_time":0.158890876},
{"learn":[0.2112456367],"iteration":928,"passed_time":2.0501368,"remaining_time":0.156684298},
{"learn":[0.2112146684],"iteration":929,"passed_time":2.052505148,"remaining_time":0.1544896348},
{"learn":[0.211179916],"iteration":930,"passed_time":2.055026844,"remaining_time":0.1523059637},
{"learn":[0.2111713131],"iteration":931,"passed_time":2.057297391,"remaining_time":0.1501032431},
{"learn":[0.2111418415],"iteration":932,"passed_time":2.059814401,"remaining_time":0.147918076},
{"learn":[0.2111053361],"iteration":933,"passed_time":2.062662476,"remaining_time":0.1457555926},
{"learn":[0.2110806993],"iteration":934,"passed_time":2.064903046,"remaining_time":0.1435494096},
{"learn":[0.2110370241],"iteration":935,"passed_time":2.067278171,"remaining_time":0.1413523536},
{"learn":[0.2109215744],"iteration":936,"passed_time":2.069881027,"remaining_time":0.1391702291},
{"learn":[0.2109127804],"iteration":937,"passed_time":2.072004275,"remaining_time":0.1369555065},
{"learn":[0.2108907638],"iteration":938,"passed_time":2.074363402,"remaining_time":0.1347563019},
{"learn":[0.2108113675],"iteration":939,"passed_time":2.076815253,"remaining_time":0.1325626757},
{"learn":[0.2107702368],"iteration":940,"passed_time":2.079117097,"remaining_time":0.1303590953},
{"learn":[0.2107381806],"iteration":941,"passed_time":2.08144933,"remaining_time":0.1281571775},
{"learn":[0.2107237993],"iteration":942,"passed_time":2.08394845,"remaining_time":0.1259650707},
{"learn":[0.2107040519],"iteration":943,"passed_time":2.086747242,"remaining_time":0.1237900906},
{"learn":[0.2106591238],"iteration":944,"passed_time":2.089154898,"remaining_time":0.1215910258},
{"learn":[0.2106574521],"iteration":945,"passed_time":2.091154379,"remaining_time":0.1193682204},
{"learn":[0.2106189466],"iteration":946,"passed_time":2.093761322,"remaining_time":0.1171798839},
{"learn":[0.2105653662],"iteration":947,"passed_time":2.096064596,"remaining_time":0.1149740074},
{"learn":[0.2105310123],"iteration":948,"passed_time":2.098326508,"remaining_time":0.1127657028},
{"learn":[0.2105003507],"iteration":949,"passed_time":2.100405233,"remaining_time":0.1105476439},
{"learn":[0.2104801348],"iteration":950,"passed_time":2.102562307,"remaining_time":0.1083339149},
{"learn":[0.210457199],"iteration":951,"passed_time":2.10469681,"remaining_time":0.1061191669},
{"learn":[0.210426598],"iteration":952,"passed_time":2.107120636,"remaining_time":0.1039188561},
{"learn":[0.2103826423],"iteration":953,"passed_time":2.109351976,"remaining_time":0.1017087955},
{"learn":[0.2103121734],"iteration":954,"passed_time":2.111551813,"remaining_time":0.09949720583},
{"learn":[0.2102531444],"iteration":955,"passed_time":2.113756704,"remaining_time":0.09728587339},
{"learn":[0.2101874294],"iteration":956,"passed_time":2.116002642,"remaining_time":0.09507639877},
{"learn":[0.2101833109],"iteration":957,"passed_time":2.118107713,"remaining_time":0.09286067218},
{"learn":[0.2101425383],"iteration":958,"passed_time":2.120545169,"remaining_time":0.0906593868},
{"learn":[0.210125311],"iteration":959,"passed_time":2.123139869,"remaining_time":0.08846416122},
{"learn":[0.2100847639],"iteration":960,"passed_time":2.12538445,"remaining_time":0.08625389548},
{"learn":[0.2100378648],"iteration":961,"passed_time":2.127755218,"remaining_time":0.08404854292},
{"learn":[0.2100247945],"iteration":962,"passed_time":2.130007184,"remaining_time":0.08183828225},
{"learn":[0.2099847892],"iteration":963,"passed_time":2.132231925,"remaining_time":0.07962691836},
{"learn":[0.2099509948],"iteration":964,"passed_time":2.134685526,"remaining_time":0.07742382737},
{"learn":[0.2099204295],"iteration":965,"passed_time":2.136899195,"remaining_time":0.07521177291},
{"learn":[0.209877649],"iteration":966,"passed_time":2.139300359,"remaining_time":0.07300611358},
{"learn":[0.2098118457],"iteration":967,"passed_time":2.141422122,"remaining_time":0.07079081395},
{"learn":[0.2097854623],"iteration":968,"passed_time":2.143668462,"remaining_time":0.06857969281},
{"learn":[0.2097573374],"iteration":969,"passed_time":2.146028961,"remaining_time":0.06637202971},
{"learn":[0.2096551183],"iteration":970,"passed_time":2.148390214,"remaining_time":0.06416407436},
{"learn":[0.2096168196],"iteration":971,"passed_time":2.150743636,"remaining_time":0.06195557798},
{"learn":[0.2095742926],"iteration":972,"passed_time":2.15349055,"remaining_time":0.05975770283},
{"learn":[0.2095436101],"iteration":973,"passed_time":2.155658183,"remaining_time":0.05754323692},
{"learn":[0.2094924132],"iteration":974,"passed_time":2.157815586,"remaining_time":0.05532860477},
{"learn":[0.2094537274],"iteration":975,"passed_time":2.159992595,"remaining_time":0.053114572},
{"learn":[0.2094110817],"iteration":976,"passed_time":2.162310699,"remaining_time":0.05090393662},
{"learn":[0.2094014243],"iteration":977,"passed_time":2.164470523,"remaining_time":0.04868952096},
{"learn":[0.2093733553],"iteration":978,"passed_time":2.166690604,"remaining_time":0.04647650937},
{"learn":[0.2093543961],"iteration":979,"passed_time":2.169283654,"remaining_time":0.04427109499},
{"learn":[0.209342745],"iteration":980,"passed_time":2.171349148,"remaining_time":0.0420546726},
{"learn":[0.2092786433],"iteration":981,"passed_time":2.173401606,"remaining_time":0.03983831865},
{"learn":[0.209258682],"iteration":982,"passed_time":2.175479605,"remaining_time":0.03762273986},
{"learn":[0.209230005],"iteration":983,"passed_time":2.177487508,"remaining_time":0.03540630094},
{"learn":[0.209192888],"iteration":984,"passed_time":2.17950094,"remaining_time":0.03319036965},
{"learn":[0.2091732982],"iteration":985,"passed_time":2.181616439,"remaining_time":0.03097629832},
{"learn":[0.2090787059],"iteration":986,"passed_time":2.184013286,"remaining_time":0.02876613244},
{"learn":[0.2090247183],"iteration":987,"passed_time":2.1861456,"remaining_time":0.02655237571},
{"learn":[0.2090020564],"iteration":988,"passed_time":2.188201938,"remaining_time":0.02433793865},
{"learn":[0.2089582913],"iteration":989,"passed_time":2.190456682,"remaining_time":0.02212582507},
{"learn":[0.2089047577],"iteration":990,"passed_time":2.192689971,"remaining_time":0.01991343061},
{"learn":[0.2088723846],"iteration":991,"passed_time":2.194744396,"remaining_time":0.01769955158},
{"learn":[0.2088605765],"iteration":992,"passed_time":2.196856957,"remaining_time":0.01548640352},
{"learn":[0.2088101791],"iteration":993,"passed_time":2.199325101,"remaining_time":0.01327560423},
{"learn":[0.2087814512],"iteration":994,"passed_time":2.201587432,"remaining_time":0.01106325343},
{"learn":[0.2087403173],"iteration":995,"passed_time":2.203756423,"remaining_time":0.008850427403},
{"learn":[0.208713038],"iteration":996,"passed_time":2.205932767,"remaining_time":0.006637711435},
{"learn":[0.2086907151],"iteration":997,"passed_time":2.208040466,"remaining_time":0.004424930793},
{"learn":[0.208675673],"iteration":998,"passed_time":2.210205579,"remaining_time":0.002212417997},
{"learn":[0.2086408856],"iteration":999,"passed_time":2.212396477,"remaining_time":0}
]}